# rust-mf2 locale-output goldens: currency — the currency family (numbers by mf2's own code): symbols, narrow symbols, codes, names by the formatted number's plural category, accounting, no symbol, fraction digits.
# Generated by `cargo xtask goldens` (conformance/src/goldens.rs); reviewed, committed, checked by tests/goldens.rs and on wasm32-wasip1 by `cargo xtask wasi-matches-native`.
# CLDR 48.2.1. Line: locale \t message \t argument \t output (JSON) \t errors
en	{$n :currency currency=EUR}	int 0	"€0.00"	
en	{$n :currency currency=EUR}	int 1	"€1.00"	
en	{$n :currency currency=EUR}	int -1	"-€1.00"	
en	{$n :currency currency=EUR}	int 2	"€2.00"	
en	{$n :currency currency=EUR}	int 5	"€5.00"	
en	{$n :currency currency=EUR}	int 21	"€21.00"	
en	{$n :currency currency=EUR}	float 1.5	"€1.50"	
en	{$n :currency currency=EUR}	decimal 1234.5	"€1,234.50"	
en	{$n :currency currency=EUR}	decimal -1234567.891	"-€1,234,567.89"	
en	{$n :currency currency=USD}	int 0	"$0.00"	
en	{$n :currency currency=USD}	int 1	"$1.00"	
en	{$n :currency currency=USD}	int -1	"-$1.00"	
en	{$n :currency currency=USD}	int 2	"$2.00"	
en	{$n :currency currency=USD}	int 5	"$5.00"	
en	{$n :currency currency=USD}	int 21	"$21.00"	
en	{$n :currency currency=USD}	float 1.5	"$1.50"	
en	{$n :currency currency=USD}	decimal 1234.5	"$1,234.50"	
en	{$n :currency currency=USD}	decimal -1234567.891	"-$1,234,567.89"	
en	{$n :currency currency=JPY}	int 0	"¥0"	
en	{$n :currency currency=JPY}	int 1	"¥1"	
en	{$n :currency currency=JPY}	int -1	"-¥1"	
en	{$n :currency currency=JPY}	int 2	"¥2"	
en	{$n :currency currency=JPY}	int 5	"¥5"	
en	{$n :currency currency=JPY}	int 21	"¥21"	
en	{$n :currency currency=JPY}	float 1.5	"¥2"	
en	{$n :currency currency=JPY}	decimal 1234.5	"¥1,235"	
en	{$n :currency currency=JPY}	decimal -1234567.891	"-¥1,234,568"	
en	{$n :currency currency=CHF}	int 0	"CHF\u00a00.00"	
en	{$n :currency currency=CHF}	int 1	"CHF\u00a01.00"	
en	{$n :currency currency=CHF}	int -1	"-CHF\u00a01.00"	
en	{$n :currency currency=CHF}	int 2	"CHF\u00a02.00"	
en	{$n :currency currency=CHF}	int 5	"CHF\u00a05.00"	
en	{$n :currency currency=CHF}	int 21	"CHF\u00a021.00"	
en	{$n :currency currency=CHF}	float 1.5	"CHF\u00a01.50"	
en	{$n :currency currency=CHF}	decimal 1234.5	"CHF\u00a01,234.50"	
en	{$n :currency currency=CHF}	decimal -1234567.891	"-CHF\u00a01,234,567.89"	
en	{$n :currency currency=EUR currencyDisplay=code}	int 0	"EUR\u00a00.00"	
en	{$n :currency currency=EUR currencyDisplay=code}	int 1	"EUR\u00a01.00"	
en	{$n :currency currency=EUR currencyDisplay=code}	int -1	"-EUR\u00a01.00"	
en	{$n :currency currency=EUR currencyDisplay=code}	int 2	"EUR\u00a02.00"	
en	{$n :currency currency=EUR currencyDisplay=code}	int 5	"EUR\u00a05.00"	
en	{$n :currency currency=EUR currencyDisplay=code}	int 21	"EUR\u00a021.00"	
en	{$n :currency currency=EUR currencyDisplay=code}	float 1.5	"EUR\u00a01.50"	
en	{$n :currency currency=EUR currencyDisplay=code}	decimal 1234.5	"EUR\u00a01,234.50"	
en	{$n :currency currency=EUR currencyDisplay=code}	decimal -1234567.891	"-EUR\u00a01,234,567.89"	
en	{$n :currency currency=EUR currencyDisplay=name}	int 0	"0.00 euros"	
en	{$n :currency currency=EUR currencyDisplay=name}	int 1	"1.00 euros"	
en	{$n :currency currency=EUR currencyDisplay=name}	int -1	"-1.00 euros"	
en	{$n :currency currency=EUR currencyDisplay=name}	int 2	"2.00 euros"	
en	{$n :currency currency=EUR currencyDisplay=name}	int 5	"5.00 euros"	
en	{$n :currency currency=EUR currencyDisplay=name}	int 21	"21.00 euros"	
en	{$n :currency currency=EUR currencyDisplay=name}	float 1.5	"1.50 euros"	
en	{$n :currency currency=EUR currencyDisplay=name}	decimal 1234.5	"1,234.50 euros"	
en	{$n :currency currency=EUR currencyDisplay=name}	decimal -1234567.891	"-1,234,567.89 euros"	
en	{$n :currency currency=USD currencyDisplay=narrowSymbol}	int 0	"$0.00"	
en	{$n :currency currency=USD currencyDisplay=narrowSymbol}	int 1	"$1.00"	
en	{$n :currency currency=USD currencyDisplay=narrowSymbol}	int -1	"-$1.00"	
en	{$n :currency currency=USD currencyDisplay=narrowSymbol}	int 2	"$2.00"	
en	{$n :currency currency=USD currencyDisplay=narrowSymbol}	int 5	"$5.00"	
en	{$n :currency currency=USD currencyDisplay=narrowSymbol}	int 21	"$21.00"	
en	{$n :currency currency=USD currencyDisplay=narrowSymbol}	float 1.5	"$1.50"	
en	{$n :currency currency=USD currencyDisplay=narrowSymbol}	decimal 1234.5	"$1,234.50"	
en	{$n :currency currency=USD currencyDisplay=narrowSymbol}	decimal -1234567.891	"-$1,234,567.89"	
en	{$n :currency currency=USD currencySign=accounting}	int 0	"$0.00"	
en	{$n :currency currency=USD currencySign=accounting}	int 1	"$1.00"	
en	{$n :currency currency=USD currencySign=accounting}	int -1	"($1.00)"	
en	{$n :currency currency=USD currencySign=accounting}	int 2	"$2.00"	
en	{$n :currency currency=USD currencySign=accounting}	int 5	"$5.00"	
en	{$n :currency currency=USD currencySign=accounting}	int 21	"$21.00"	
en	{$n :currency currency=USD currencySign=accounting}	float 1.5	"$1.50"	
en	{$n :currency currency=USD currencySign=accounting}	decimal 1234.5	"$1,234.50"	
en	{$n :currency currency=USD currencySign=accounting}	decimal -1234567.891	"($1,234,567.89)"	
en	{$n :currency currency=EUR currencyDisplay=never}	int 0	"0.00"	
en	{$n :currency currency=EUR currencyDisplay=never}	int 1	"1.00"	
en	{$n :currency currency=EUR currencyDisplay=never}	int -1	"-1.00"	
en	{$n :currency currency=EUR currencyDisplay=never}	int 2	"2.00"	
en	{$n :currency currency=EUR currencyDisplay=never}	int 5	"5.00"	
en	{$n :currency currency=EUR currencyDisplay=never}	int 21	"21.00"	
en	{$n :currency currency=EUR currencyDisplay=never}	float 1.5	"1.50"	
en	{$n :currency currency=EUR currencyDisplay=never}	decimal 1234.5	"1,234.50"	
en	{$n :currency currency=EUR currencyDisplay=never}	decimal -1234567.891	"-1,234,567.89"	
en	{$n :currency currency=EUR fractionDigits=0}	int 0	"€0"	
en	{$n :currency currency=EUR fractionDigits=0}	int 1	"€1"	
en	{$n :currency currency=EUR fractionDigits=0}	int -1	"-€1"	
en	{$n :currency currency=EUR fractionDigits=0}	int 2	"€2"	
en	{$n :currency currency=EUR fractionDigits=0}	int 5	"€5"	
en	{$n :currency currency=EUR fractionDigits=0}	int 21	"€21"	
en	{$n :currency currency=EUR fractionDigits=0}	float 1.5	"€2"	
en	{$n :currency currency=EUR fractionDigits=0}	decimal 1234.5	"€1,235"	
en	{$n :currency currency=EUR fractionDigits=0}	decimal -1234567.891	"-€1,234,568"	
es	{$n :currency currency=EUR}	int 0	"0,00\u00a0€"	
es	{$n :currency currency=EUR}	int 1	"1,00\u00a0€"	
es	{$n :currency currency=EUR}	int -1	"-1,00\u00a0€"	
es	{$n :currency currency=EUR}	int 2	"2,00\u00a0€"	
es	{$n :currency currency=EUR}	int 5	"5,00\u00a0€"	
es	{$n :currency currency=EUR}	int 21	"21,00\u00a0€"	
es	{$n :currency currency=EUR}	float 1.5	"1,50\u00a0€"	
es	{$n :currency currency=EUR}	decimal 1234.5	"1234,50\u00a0€"	
es	{$n :currency currency=EUR}	decimal -1234567.891	"-1.234.567,89\u00a0€"	
es	{$n :currency currency=USD}	int 0	"0,00\u00a0US$"	
es	{$n :currency currency=USD}	int 1	"1,00\u00a0US$"	
es	{$n :currency currency=USD}	int -1	"-1,00\u00a0US$"	
es	{$n :currency currency=USD}	int 2	"2,00\u00a0US$"	
es	{$n :currency currency=USD}	int 5	"5,00\u00a0US$"	
es	{$n :currency currency=USD}	int 21	"21,00\u00a0US$"	
es	{$n :currency currency=USD}	float 1.5	"1,50\u00a0US$"	
es	{$n :currency currency=USD}	decimal 1234.5	"1234,50\u00a0US$"	
es	{$n :currency currency=USD}	decimal -1234567.891	"-1.234.567,89\u00a0US$"	
es	{$n :currency currency=JPY}	int 0	"0\u00a0JPY"	
es	{$n :currency currency=JPY}	int 1	"1\u00a0JPY"	
es	{$n :currency currency=JPY}	int -1	"-1\u00a0JPY"	
es	{$n :currency currency=JPY}	int 2	"2\u00a0JPY"	
es	{$n :currency currency=JPY}	int 5	"5\u00a0JPY"	
es	{$n :currency currency=JPY}	int 21	"21\u00a0JPY"	
es	{$n :currency currency=JPY}	float 1.5	"2\u00a0JPY"	
es	{$n :currency currency=JPY}	decimal 1234.5	"1235\u00a0JPY"	
es	{$n :currency currency=JPY}	decimal -1234567.891	"-1.234.568\u00a0JPY"	
es	{$n :currency currency=CHF}	int 0	"0,00\u00a0CHF"	
es	{$n :currency currency=CHF}	int 1	"1,00\u00a0CHF"	
es	{$n :currency currency=CHF}	int -1	"-1,00\u00a0CHF"	
es	{$n :currency currency=CHF}	int 2	"2,00\u00a0CHF"	
es	{$n :currency currency=CHF}	int 5	"5,00\u00a0CHF"	
es	{$n :currency currency=CHF}	int 21	"21,00\u00a0CHF"	
es	{$n :currency currency=CHF}	float 1.5	"1,50\u00a0CHF"	
es	{$n :currency currency=CHF}	decimal 1234.5	"1234,50\u00a0CHF"	
es	{$n :currency currency=CHF}	decimal -1234567.891	"-1.234.567,89\u00a0CHF"	
es	{$n :currency currency=EUR currencyDisplay=code}	int 0	"0,00\u00a0EUR"	
es	{$n :currency currency=EUR currencyDisplay=code}	int 1	"1,00\u00a0EUR"	
es	{$n :currency currency=EUR currencyDisplay=code}	int -1	"-1,00\u00a0EUR"	
es	{$n :currency currency=EUR currencyDisplay=code}	int 2	"2,00\u00a0EUR"	
es	{$n :currency currency=EUR currencyDisplay=code}	int 5	"5,00\u00a0EUR"	
es	{$n :currency currency=EUR currencyDisplay=code}	int 21	"21,00\u00a0EUR"	
es	{$n :currency currency=EUR currencyDisplay=code}	float 1.5	"1,50\u00a0EUR"	
es	{$n :currency currency=EUR currencyDisplay=code}	decimal 1234.5	"1234,50\u00a0EUR"	
es	{$n :currency currency=EUR currencyDisplay=code}	decimal -1234567.891	"-1.234.567,89\u00a0EUR"	
es	{$n :currency currency=EUR currencyDisplay=name}	int 0	"0,00 euros"	
es	{$n :currency currency=EUR currencyDisplay=name}	int 1	"1,00 euro"	
es	{$n :currency currency=EUR currencyDisplay=name}	int -1	"-1,00 euro"	
es	{$n :currency currency=EUR currencyDisplay=name}	int 2	"2,00 euros"	
es	{$n :currency currency=EUR currencyDisplay=name}	int 5	"5,00 euros"	
es	{$n :currency currency=EUR currencyDisplay=name}	int 21	"21,00 euros"	
es	{$n :currency currency=EUR currencyDisplay=name}	float 1.5	"1,50 euros"	
es	{$n :currency currency=EUR currencyDisplay=name}	decimal 1234.5	"1234,50 euros"	
es	{$n :currency currency=EUR currencyDisplay=name}	decimal -1234567.891	"-1.234.567,89 euros"	
es	{$n :currency currency=USD currencyDisplay=narrowSymbol}	int 0	"0,00\u00a0$"	
es	{$n :currency currency=USD currencyDisplay=narrowSymbol}	int 1	"1,00\u00a0$"	
es	{$n :currency currency=USD currencyDisplay=narrowSymbol}	int -1	"-1,00\u00a0$"	
es	{$n :currency currency=USD currencyDisplay=narrowSymbol}	int 2	"2,00\u00a0$"	
es	{$n :currency currency=USD currencyDisplay=narrowSymbol}	int 5	"5,00\u00a0$"	
es	{$n :currency currency=USD currencyDisplay=narrowSymbol}	int 21	"21,00\u00a0$"	
es	{$n :currency currency=USD currencyDisplay=narrowSymbol}	float 1.5	"1,50\u00a0$"	
es	{$n :currency currency=USD currencyDisplay=narrowSymbol}	decimal 1234.5	"1234,50\u00a0$"	
es	{$n :currency currency=USD currencyDisplay=narrowSymbol}	decimal -1234567.891	"-1.234.567,89\u00a0$"	
es	{$n :currency currency=USD currencySign=accounting}	int 0	"0,00\u00a0US$"	
es	{$n :currency currency=USD currencySign=accounting}	int 1	"1,00\u00a0US$"	
es	{$n :currency currency=USD currencySign=accounting}	int -1	"-1,00\u00a0US$"	
es	{$n :currency currency=USD currencySign=accounting}	int 2	"2,00\u00a0US$"	
es	{$n :currency currency=USD currencySign=accounting}	int 5	"5,00\u00a0US$"	
es	{$n :currency currency=USD currencySign=accounting}	int 21	"21,00\u00a0US$"	
es	{$n :currency currency=USD currencySign=accounting}	float 1.5	"1,50\u00a0US$"	
es	{$n :currency currency=USD currencySign=accounting}	decimal 1234.5	"1234,50\u00a0US$"	
es	{$n :currency currency=USD currencySign=accounting}	decimal -1234567.891	"-1.234.567,89\u00a0US$"	
es	{$n :currency currency=EUR currencyDisplay=never}	int 0	"0,00"	
es	{$n :currency currency=EUR currencyDisplay=never}	int 1	"1,00"	
es	{$n :currency currency=EUR currencyDisplay=never}	int -1	"-1,00"	
es	{$n :currency currency=EUR currencyDisplay=never}	int 2	"2,00"	
es	{$n :currency currency=EUR currencyDisplay=never}	int 5	"5,00"	
es	{$n :currency currency=EUR currencyDisplay=never}	int 21	"21,00"	
es	{$n :currency currency=EUR currencyDisplay=never}	float 1.5	"1,50"	
es	{$n :currency currency=EUR currencyDisplay=never}	decimal 1234.5	"1234,50"	
es	{$n :currency currency=EUR currencyDisplay=never}	decimal -1234567.891	"-1.234.567,89"	
es	{$n :currency currency=EUR fractionDigits=0}	int 0	"0\u00a0€"	
es	{$n :currency currency=EUR fractionDigits=0}	int 1	"1\u00a0€"	
es	{$n :currency currency=EUR fractionDigits=0}	int -1	"-1\u00a0€"	
es	{$n :currency currency=EUR fractionDigits=0}	int 2	"2\u00a0€"	
es	{$n :currency currency=EUR fractionDigits=0}	int 5	"5\u00a0€"	
es	{$n :currency currency=EUR fractionDigits=0}	int 21	"21\u00a0€"	
es	{$n :currency currency=EUR fractionDigits=0}	float 1.5	"2\u00a0€"	
es	{$n :currency currency=EUR fractionDigits=0}	decimal 1234.5	"1235\u00a0€"	
es	{$n :currency currency=EUR fractionDigits=0}	decimal -1234567.891	"-1.234.568\u00a0€"	
de	{$n :currency currency=EUR}	int 0	"0,00\u00a0€"	
de	{$n :currency currency=EUR}	int 1	"1,00\u00a0€"	
de	{$n :currency currency=EUR}	int -1	"-1,00\u00a0€"	
de	{$n :currency currency=EUR}	int 2	"2,00\u00a0€"	
de	{$n :currency currency=EUR}	int 5	"5,00\u00a0€"	
de	{$n :currency currency=EUR}	int 21	"21,00\u00a0€"	
de	{$n :currency currency=EUR}	float 1.5	"1,50\u00a0€"	
de	{$n :currency currency=EUR}	decimal 1234.5	"1.234,50\u00a0€"	
de	{$n :currency currency=EUR}	decimal -1234567.891	"-1.234.567,89\u00a0€"	
de	{$n :currency currency=USD}	int 0	"0,00\u00a0$"	
de	{$n :currency currency=USD}	int 1	"1,00\u00a0$"	
de	{$n :currency currency=USD}	int -1	"-1,00\u00a0$"	
de	{$n :currency currency=USD}	int 2	"2,00\u00a0$"	
de	{$n :currency currency=USD}	int 5	"5,00\u00a0$"	
de	{$n :currency currency=USD}	int 21	"21,00\u00a0$"	
de	{$n :currency currency=USD}	float 1.5	"1,50\u00a0$"	
de	{$n :currency currency=USD}	decimal 1234.5	"1.234,50\u00a0$"	
de	{$n :currency currency=USD}	decimal -1234567.891	"-1.234.567,89\u00a0$"	
de	{$n :currency currency=JPY}	int 0	"0\u00a0¥"	
de	{$n :currency currency=JPY}	int 1	"1\u00a0¥"	
de	{$n :currency currency=JPY}	int -1	"-1\u00a0¥"	
de	{$n :currency currency=JPY}	int 2	"2\u00a0¥"	
de	{$n :currency currency=JPY}	int 5	"5\u00a0¥"	
de	{$n :currency currency=JPY}	int 21	"21\u00a0¥"	
de	{$n :currency currency=JPY}	float 1.5	"2\u00a0¥"	
de	{$n :currency currency=JPY}	decimal 1234.5	"1.235\u00a0¥"	
de	{$n :currency currency=JPY}	decimal -1234567.891	"-1.234.568\u00a0¥"	
de	{$n :currency currency=CHF}	int 0	"0,00\u00a0CHF"	
de	{$n :currency currency=CHF}	int 1	"1,00\u00a0CHF"	
de	{$n :currency currency=CHF}	int -1	"-1,00\u00a0CHF"	
de	{$n :currency currency=CHF}	int 2	"2,00\u00a0CHF"	
de	{$n :currency currency=CHF}	int 5	"5,00\u00a0CHF"	
de	{$n :currency currency=CHF}	int 21	"21,00\u00a0CHF"	
de	{$n :currency currency=CHF}	float 1.5	"1,50\u00a0CHF"	
de	{$n :currency currency=CHF}	decimal 1234.5	"1.234,50\u00a0CHF"	
de	{$n :currency currency=CHF}	decimal -1234567.891	"-1.234.567,89\u00a0CHF"	
de	{$n :currency currency=EUR currencyDisplay=code}	int 0	"0,00\u00a0EUR"	
de	{$n :currency currency=EUR currencyDisplay=code}	int 1	"1,00\u00a0EUR"	
de	{$n :currency currency=EUR currencyDisplay=code}	int -1	"-1,00\u00a0EUR"	
de	{$n :currency currency=EUR currencyDisplay=code}	int 2	"2,00\u00a0EUR"	
de	{$n :currency currency=EUR currencyDisplay=code}	int 5	"5,00\u00a0EUR"	
de	{$n :currency currency=EUR currencyDisplay=code}	int 21	"21,00\u00a0EUR"	
de	{$n :currency currency=EUR currencyDisplay=code}	float 1.5	"1,50\u00a0EUR"	
de	{$n :currency currency=EUR currencyDisplay=code}	decimal 1234.5	"1.234,50\u00a0EUR"	
de	{$n :currency currency=EUR currencyDisplay=code}	decimal -1234567.891	"-1.234.567,89\u00a0EUR"	
de	{$n :currency currency=EUR currencyDisplay=name}	int 0	"0,00 Euro"	
de	{$n :currency currency=EUR currencyDisplay=name}	int 1	"1,00 Euro"	
de	{$n :currency currency=EUR currencyDisplay=name}	int -1	"-1,00 Euro"	
de	{$n :currency currency=EUR currencyDisplay=name}	int 2	"2,00 Euro"	
de	{$n :currency currency=EUR currencyDisplay=name}	int 5	"5,00 Euro"	
de	{$n :currency currency=EUR currencyDisplay=name}	int 21	"21,00 Euro"	
de	{$n :currency currency=EUR currencyDisplay=name}	float 1.5	"1,50 Euro"	
de	{$n :currency currency=EUR currencyDisplay=name}	decimal 1234.5	"1.234,50 Euro"	
de	{$n :currency currency=EUR currencyDisplay=name}	decimal -1234567.891	"-1.234.567,89 Euro"	
de	{$n :currency currency=USD currencyDisplay=narrowSymbol}	int 0	"0,00\u00a0$"	
de	{$n :currency currency=USD currencyDisplay=narrowSymbol}	int 1	"1,00\u00a0$"	
de	{$n :currency currency=USD currencyDisplay=narrowSymbol}	int -1	"-1,00\u00a0$"	
de	{$n :currency currency=USD currencyDisplay=narrowSymbol}	int 2	"2,00\u00a0$"	
de	{$n :currency currency=USD currencyDisplay=narrowSymbol}	int 5	"5,00\u00a0$"	
de	{$n :currency currency=USD currencyDisplay=narrowSymbol}	int 21	"21,00\u00a0$"	
de	{$n :currency currency=USD currencyDisplay=narrowSymbol}	float 1.5	"1,50\u00a0$"	
de	{$n :currency currency=USD currencyDisplay=narrowSymbol}	decimal 1234.5	"1.234,50\u00a0$"	
de	{$n :currency currency=USD currencyDisplay=narrowSymbol}	decimal -1234567.891	"-1.234.567,89\u00a0$"	
de	{$n :currency currency=USD currencySign=accounting}	int 0	"0,00\u00a0$"	
de	{$n :currency currency=USD currencySign=accounting}	int 1	"1,00\u00a0$"	
de	{$n :currency currency=USD currencySign=accounting}	int -1	"-1,00\u00a0$"	
de	{$n :currency currency=USD currencySign=accounting}	int 2	"2,00\u00a0$"	
de	{$n :currency currency=USD currencySign=accounting}	int 5	"5,00\u00a0$"	
de	{$n :currency currency=USD currencySign=accounting}	int 21	"21,00\u00a0$"	
de	{$n :currency currency=USD currencySign=accounting}	float 1.5	"1,50\u00a0$"	
de	{$n :currency currency=USD currencySign=accounting}	decimal 1234.5	"1.234,50\u00a0$"	
de	{$n :currency currency=USD currencySign=accounting}	decimal -1234567.891	"-1.234.567,89\u00a0$"	
de	{$n :currency currency=EUR currencyDisplay=never}	int 0	"0,00"	
de	{$n :currency currency=EUR currencyDisplay=never}	int 1	"1,00"	
de	{$n :currency currency=EUR currencyDisplay=never}	int -1	"-1,00"	
de	{$n :currency currency=EUR currencyDisplay=never}	int 2	"2,00"	
de	{$n :currency currency=EUR currencyDisplay=never}	int 5	"5,00"	
de	{$n :currency currency=EUR currencyDisplay=never}	int 21	"21,00"	
de	{$n :currency currency=EUR currencyDisplay=never}	float 1.5	"1,50"	
de	{$n :currency currency=EUR currencyDisplay=never}	decimal 1234.5	"1.234,50"	
de	{$n :currency currency=EUR currencyDisplay=never}	decimal -1234567.891	"-1.234.567,89"	
de	{$n :currency currency=EUR fractionDigits=0}	int 0	"0\u00a0€"	
de	{$n :currency currency=EUR fractionDigits=0}	int 1	"1\u00a0€"	
de	{$n :currency currency=EUR fractionDigits=0}	int -1	"-1\u00a0€"	
de	{$n :currency currency=EUR fractionDigits=0}	int 2	"2\u00a0€"	
de	{$n :currency currency=EUR fractionDigits=0}	int 5	"5\u00a0€"	
de	{$n :currency currency=EUR fractionDigits=0}	int 21	"21\u00a0€"	
de	{$n :currency currency=EUR fractionDigits=0}	float 1.5	"2\u00a0€"	
de	{$n :currency currency=EUR fractionDigits=0}	decimal 1234.5	"1.235\u00a0€"	
de	{$n :currency currency=EUR fractionDigits=0}	decimal -1234567.891	"-1.234.568\u00a0€"	
fr	{$n :currency currency=EUR}	int 0	"0,00\u00a0€"	
fr	{$n :currency currency=EUR}	int 1	"1,00\u00a0€"	
fr	{$n :currency currency=EUR}	int -1	"-1,00\u00a0€"	
fr	{$n :currency currency=EUR}	int 2	"2,00\u00a0€"	
fr	{$n :currency currency=EUR}	int 5	"5,00\u00a0€"	
fr	{$n :currency currency=EUR}	int 21	"21,00\u00a0€"	
fr	{$n :currency currency=EUR}	float 1.5	"1,50\u00a0€"	
fr	{$n :currency currency=EUR}	decimal 1234.5	"1\u202f234,50\u00a0€"	
fr	{$n :currency currency=EUR}	decimal -1234567.891	"-1\u202f234\u202f567,89\u00a0€"	
fr	{$n :currency currency=USD}	int 0	"0,00\u00a0$US"	
fr	{$n :currency currency=USD}	int 1	"1,00\u00a0$US"	
fr	{$n :currency currency=USD}	int -1	"-1,00\u00a0$US"	
fr	{$n :currency currency=USD}	int 2	"2,00\u00a0$US"	
fr	{$n :currency currency=USD}	int 5	"5,00\u00a0$US"	
fr	{$n :currency currency=USD}	int 21	"21,00\u00a0$US"	
fr	{$n :currency currency=USD}	float 1.5	"1,50\u00a0$US"	
fr	{$n :currency currency=USD}	decimal 1234.5	"1\u202f234,50\u00a0$US"	
fr	{$n :currency currency=USD}	decimal -1234567.891	"-1\u202f234\u202f567,89\u00a0$US"	
fr	{$n :currency currency=JPY}	int 0	"0\u00a0JPY"	
fr	{$n :currency currency=JPY}	int 1	"1\u00a0JPY"	
fr	{$n :currency currency=JPY}	int -1	"-1\u00a0JPY"	
fr	{$n :currency currency=JPY}	int 2	"2\u00a0JPY"	
fr	{$n :currency currency=JPY}	int 5	"5\u00a0JPY"	
fr	{$n :currency currency=JPY}	int 21	"21\u00a0JPY"	
fr	{$n :currency currency=JPY}	float 1.5	"2\u00a0JPY"	
fr	{$n :currency currency=JPY}	decimal 1234.5	"1\u202f235\u00a0JPY"	
fr	{$n :currency currency=JPY}	decimal -1234567.891	"-1\u202f234\u202f568\u00a0JPY"	
fr	{$n :currency currency=CHF}	int 0	"0,00\u00a0CHF"	
fr	{$n :currency currency=CHF}	int 1	"1,00\u00a0CHF"	
fr	{$n :currency currency=CHF}	int -1	"-1,00\u00a0CHF"	
fr	{$n :currency currency=CHF}	int 2	"2,00\u00a0CHF"	
fr	{$n :currency currency=CHF}	int 5	"5,00\u00a0CHF"	
fr	{$n :currency currency=CHF}	int 21	"21,00\u00a0CHF"	
fr	{$n :currency currency=CHF}	float 1.5	"1,50\u00a0CHF"	
fr	{$n :currency currency=CHF}	decimal 1234.5	"1\u202f234,50\u00a0CHF"	
fr	{$n :currency currency=CHF}	decimal -1234567.891	"-1\u202f234\u202f567,89\u00a0CHF"	
fr	{$n :currency currency=EUR currencyDisplay=code}	int 0	"0,00\u00a0EUR"	
fr	{$n :currency currency=EUR currencyDisplay=code}	int 1	"1,00\u00a0EUR"	
fr	{$n :currency currency=EUR currencyDisplay=code}	int -1	"-1,00\u00a0EUR"	
fr	{$n :currency currency=EUR currencyDisplay=code}	int 2	"2,00\u00a0EUR"	
fr	{$n :currency currency=EUR currencyDisplay=code}	int 5	"5,00\u00a0EUR"	
fr	{$n :currency currency=EUR currencyDisplay=code}	int 21	"21,00\u00a0EUR"	
fr	{$n :currency currency=EUR currencyDisplay=code}	float 1.5	"1,50\u00a0EUR"	
fr	{$n :currency currency=EUR currencyDisplay=code}	decimal 1234.5	"1\u202f234,50\u00a0EUR"	
fr	{$n :currency currency=EUR currencyDisplay=code}	decimal -1234567.891	"-1\u202f234\u202f567,89\u00a0EUR"	
fr	{$n :currency currency=EUR currencyDisplay=name}	int 0	"0,00 euro"	
fr	{$n :currency currency=EUR currencyDisplay=name}	int 1	"1,00 euro"	
fr	{$n :currency currency=EUR currencyDisplay=name}	int -1	"-1,00 euro"	
fr	{$n :currency currency=EUR currencyDisplay=name}	int 2	"2,00 euros"	
fr	{$n :currency currency=EUR currencyDisplay=name}	int 5	"5,00 euros"	
fr	{$n :currency currency=EUR currencyDisplay=name}	int 21	"21,00 euros"	
fr	{$n :currency currency=EUR currencyDisplay=name}	float 1.5	"1,50 euro"	
fr	{$n :currency currency=EUR currencyDisplay=name}	decimal 1234.5	"1\u202f234,50 euros"	
fr	{$n :currency currency=EUR currencyDisplay=name}	decimal -1234567.891	"-1\u202f234\u202f567,89 euros"	
fr	{$n :currency currency=USD currencyDisplay=narrowSymbol}	int 0	"0,00\u00a0$"	
fr	{$n :currency currency=USD currencyDisplay=narrowSymbol}	int 1	"1,00\u00a0$"	
fr	{$n :currency currency=USD currencyDisplay=narrowSymbol}	int -1	"-1,00\u00a0$"	
fr	{$n :currency currency=USD currencyDisplay=narrowSymbol}	int 2	"2,00\u00a0$"	
fr	{$n :currency currency=USD currencyDisplay=narrowSymbol}	int 5	"5,00\u00a0$"	
fr	{$n :currency currency=USD currencyDisplay=narrowSymbol}	int 21	"21,00\u00a0$"	
fr	{$n :currency currency=USD currencyDisplay=narrowSymbol}	float 1.5	"1,50\u00a0$"	
fr	{$n :currency currency=USD currencyDisplay=narrowSymbol}	decimal 1234.5	"1\u202f234,50\u00a0$"	
fr	{$n :currency currency=USD currencyDisplay=narrowSymbol}	decimal -1234567.891	"-1\u202f234\u202f567,89\u00a0$"	
fr	{$n :currency currency=USD currencySign=accounting}	int 0	"0,00\u00a0$US"	
fr	{$n :currency currency=USD currencySign=accounting}	int 1	"1,00\u00a0$US"	
fr	{$n :currency currency=USD currencySign=accounting}	int -1	"(1,00\u00a0$US)"	
fr	{$n :currency currency=USD currencySign=accounting}	int 2	"2,00\u00a0$US"	
fr	{$n :currency currency=USD currencySign=accounting}	int 5	"5,00\u00a0$US"	
fr	{$n :currency currency=USD currencySign=accounting}	int 21	"21,00\u00a0$US"	
fr	{$n :currency currency=USD currencySign=accounting}	float 1.5	"1,50\u00a0$US"	
fr	{$n :currency currency=USD currencySign=accounting}	decimal 1234.5	"1\u202f234,50\u00a0$US"	
fr	{$n :currency currency=USD currencySign=accounting}	decimal -1234567.891	"(1\u202f234\u202f567,89\u00a0$US)"	
fr	{$n :currency currency=EUR currencyDisplay=never}	int 0	"0,00"	
fr	{$n :currency currency=EUR currencyDisplay=never}	int 1	"1,00"	
fr	{$n :currency currency=EUR currencyDisplay=never}	int -1	"-1,00"	
fr	{$n :currency currency=EUR currencyDisplay=never}	int 2	"2,00"	
fr	{$n :currency currency=EUR currencyDisplay=never}	int 5	"5,00"	
fr	{$n :currency currency=EUR currencyDisplay=never}	int 21	"21,00"	
fr	{$n :currency currency=EUR currencyDisplay=never}	float 1.5	"1,50"	
fr	{$n :currency currency=EUR currencyDisplay=never}	decimal 1234.5	"1\u202f234,50"	
fr	{$n :currency currency=EUR currencyDisplay=never}	decimal -1234567.891	"-1\u202f234\u202f567,89"	
fr	{$n :currency currency=EUR fractionDigits=0}	int 0	"0\u00a0€"	
fr	{$n :currency currency=EUR fractionDigits=0}	int 1	"1\u00a0€"	
fr	{$n :currency currency=EUR fractionDigits=0}	int -1	"-1\u00a0€"	
fr	{$n :currency currency=EUR fractionDigits=0}	int 2	"2\u00a0€"	
fr	{$n :currency currency=EUR fractionDigits=0}	int 5	"5\u00a0€"	
fr	{$n :currency currency=EUR fractionDigits=0}	int 21	"21\u00a0€"	
fr	{$n :currency currency=EUR fractionDigits=0}	float 1.5	"2\u00a0€"	
fr	{$n :currency currency=EUR fractionDigits=0}	decimal 1234.5	"1\u202f235\u00a0€"	
fr	{$n :currency currency=EUR fractionDigits=0}	decimal -1234567.891	"-1\u202f234\u202f568\u00a0€"	
ar	{$n :currency currency=EUR}	int 0	"\u200f0.00\u00a0€"	
ar	{$n :currency currency=EUR}	int 1	"\u200f1.00\u00a0€"	
ar	{$n :currency currency=EUR}	int -1	"\u200f\u200e-1.00\u00a0€"	
ar	{$n :currency currency=EUR}	int 2	"\u200f2.00\u00a0€"	
ar	{$n :currency currency=EUR}	int 5	"\u200f5.00\u00a0€"	
ar	{$n :currency currency=EUR}	int 21	"\u200f21.00\u00a0€"	
ar	{$n :currency currency=EUR}	float 1.5	"\u200f1.50\u00a0€"	
ar	{$n :currency currency=EUR}	decimal 1234.5	"\u200f1,234.50\u00a0€"	
ar	{$n :currency currency=EUR}	decimal -1234567.891	"\u200f\u200e-1,234,567.89\u00a0€"	
ar	{$n :currency currency=USD}	int 0	"\u200f0.00\u00a0US$"	
ar	{$n :currency currency=USD}	int 1	"\u200f1.00\u00a0US$"	
ar	{$n :currency currency=USD}	int -1	"\u200f\u200e-1.00\u00a0US$"	
ar	{$n :currency currency=USD}	int 2	"\u200f2.00\u00a0US$"	
ar	{$n :currency currency=USD}	int 5	"\u200f5.00\u00a0US$"	
ar	{$n :currency currency=USD}	int 21	"\u200f21.00\u00a0US$"	
ar	{$n :currency currency=USD}	float 1.5	"\u200f1.50\u00a0US$"	
ar	{$n :currency currency=USD}	decimal 1234.5	"\u200f1,234.50\u00a0US$"	
ar	{$n :currency currency=USD}	decimal -1234567.891	"\u200f\u200e-1,234,567.89\u00a0US$"	
ar	{$n :currency currency=JPY}	int 0	"\u200f0\u00a0JP¥"	
ar	{$n :currency currency=JPY}	int 1	"\u200f1\u00a0JP¥"	
ar	{$n :currency currency=JPY}	int -1	"\u200f\u200e-1\u00a0JP¥"	
ar	{$n :currency currency=JPY}	int 2	"\u200f2\u00a0JP¥"	
ar	{$n :currency currency=JPY}	int 5	"\u200f5\u00a0JP¥"	
ar	{$n :currency currency=JPY}	int 21	"\u200f21\u00a0JP¥"	
ar	{$n :currency currency=JPY}	float 1.5	"\u200f2\u00a0JP¥"	
ar	{$n :currency currency=JPY}	decimal 1234.5	"\u200f1,235\u00a0JP¥"	
ar	{$n :currency currency=JPY}	decimal -1234567.891	"\u200f\u200e-1,234,568\u00a0JP¥"	
ar	{$n :currency currency=CHF}	int 0	"\u200f0.00\u00a0CHF"	
ar	{$n :currency currency=CHF}	int 1	"\u200f1.00\u00a0CHF"	
ar	{$n :currency currency=CHF}	int -1	"\u200f\u200e-1.00\u00a0CHF"	
ar	{$n :currency currency=CHF}	int 2	"\u200f2.00\u00a0CHF"	
ar	{$n :currency currency=CHF}	int 5	"\u200f5.00\u00a0CHF"	
ar	{$n :currency currency=CHF}	int 21	"\u200f21.00\u00a0CHF"	
ar	{$n :currency currency=CHF}	float 1.5	"\u200f1.50\u00a0CHF"	
ar	{$n :currency currency=CHF}	decimal 1234.5	"\u200f1,234.50\u00a0CHF"	
ar	{$n :currency currency=CHF}	decimal -1234567.891	"\u200f\u200e-1,234,567.89\u00a0CHF"	
ar	{$n :currency currency=EUR currencyDisplay=code}	int 0	"\u200f0.00\u00a0EUR"	
ar	{$n :currency currency=EUR currencyDisplay=code}	int 1	"\u200f1.00\u00a0EUR"	
ar	{$n :currency currency=EUR currencyDisplay=code}	int -1	"\u200f\u200e-1.00\u00a0EUR"	
ar	{$n :currency currency=EUR currencyDisplay=code}	int 2	"\u200f2.00\u00a0EUR"	
ar	{$n :currency currency=EUR currencyDisplay=code}	int 5	"\u200f5.00\u00a0EUR"	
ar	{$n :currency currency=EUR currencyDisplay=code}	int 21	"\u200f21.00\u00a0EUR"	
ar	{$n :currency currency=EUR currencyDisplay=code}	float 1.5	"\u200f1.50\u00a0EUR"	
ar	{$n :currency currency=EUR currencyDisplay=code}	decimal 1234.5	"\u200f1,234.50\u00a0EUR"	
ar	{$n :currency currency=EUR currencyDisplay=code}	decimal -1234567.891	"\u200f\u200e-1,234,567.89\u00a0EUR"	
ar	{$n :currency currency=EUR currencyDisplay=name}	int 0	"0.00 يورو"	
ar	{$n :currency currency=EUR currencyDisplay=name}	int 1	"1.00 يورو"	
ar	{$n :currency currency=EUR currencyDisplay=name}	int -1	"\u200e-1.00 يورو"	
ar	{$n :currency currency=EUR currencyDisplay=name}	int 2	"2.00 يورو"	
ar	{$n :currency currency=EUR currencyDisplay=name}	int 5	"5.00 يورو"	
ar	{$n :currency currency=EUR currencyDisplay=name}	int 21	"21.00 يورو"	
ar	{$n :currency currency=EUR currencyDisplay=name}	float 1.5	"1.50 يورو"	
ar	{$n :currency currency=EUR currencyDisplay=name}	decimal 1234.5	"1,234.50 يورو"	
ar	{$n :currency currency=EUR currencyDisplay=name}	decimal -1234567.891	"\u200e-1,234,567.89 يورو"	
ar	{$n :currency currency=USD currencyDisplay=narrowSymbol}	int 0	"\u200f0.00\u00a0US$"	
ar	{$n :currency currency=USD currencyDisplay=narrowSymbol}	int 1	"\u200f1.00\u00a0US$"	
ar	{$n :currency currency=USD currencyDisplay=narrowSymbol}	int -1	"\u200f\u200e-1.00\u00a0US$"	
ar	{$n :currency currency=USD currencyDisplay=narrowSymbol}	int 2	"\u200f2.00\u00a0US$"	
ar	{$n :currency currency=USD currencyDisplay=narrowSymbol}	int 5	"\u200f5.00\u00a0US$"	
ar	{$n :currency currency=USD currencyDisplay=narrowSymbol}	int 21	"\u200f21.00\u00a0US$"	
ar	{$n :currency currency=USD currencyDisplay=narrowSymbol}	float 1.5	"\u200f1.50\u00a0US$"	
ar	{$n :currency currency=USD currencyDisplay=narrowSymbol}	decimal 1234.5	"\u200f1,234.50\u00a0US$"	
ar	{$n :currency currency=USD currencyDisplay=narrowSymbol}	decimal -1234567.891	"\u200f\u200e-1,234,567.89\u00a0US$"	
ar	{$n :currency currency=USD currencySign=accounting}	int 0	"\u061c0.00\u00a0US$"	
ar	{$n :currency currency=USD currencySign=accounting}	int 1	"\u061c1.00\u00a0US$"	
ar	{$n :currency currency=USD currencySign=accounting}	int -1	"(\u061c1.00\u00a0US$)"	
ar	{$n :currency currency=USD currencySign=accounting}	int 2	"\u061c2.00\u00a0US$"	
ar	{$n :currency currency=USD currencySign=accounting}	int 5	"\u061c5.00\u00a0US$"	
ar	{$n :currency currency=USD currencySign=accounting}	int 21	"\u061c21.00\u00a0US$"	
ar	{$n :currency currency=USD currencySign=accounting}	float 1.5	"\u061c1.50\u00a0US$"	
ar	{$n :currency currency=USD currencySign=accounting}	decimal 1234.5	"\u061c1,234.50\u00a0US$"	
ar	{$n :currency currency=USD currencySign=accounting}	decimal -1234567.891	"(\u061c1,234,567.89\u00a0US$)"	
ar	{$n :currency currency=EUR currencyDisplay=never}	int 0	"\u200f0.00"	
ar	{$n :currency currency=EUR currencyDisplay=never}	int 1	"\u200f1.00"	
ar	{$n :currency currency=EUR currencyDisplay=never}	int -1	"\u200f\u200e-1.00"	
ar	{$n :currency currency=EUR currencyDisplay=never}	int 2	"\u200f2.00"	
ar	{$n :currency currency=EUR currencyDisplay=never}	int 5	"\u200f5.00"	
ar	{$n :currency currency=EUR currencyDisplay=never}	int 21	"\u200f21.00"	
ar	{$n :currency currency=EUR currencyDisplay=never}	float 1.5	"\u200f1.50"	
ar	{$n :currency currency=EUR currencyDisplay=never}	decimal 1234.5	"\u200f1,234.50"	
ar	{$n :currency currency=EUR currencyDisplay=never}	decimal -1234567.891	"\u200f\u200e-1,234,567.89"	
ar	{$n :currency currency=EUR fractionDigits=0}	int 0	"\u200f0\u00a0€"	
ar	{$n :currency currency=EUR fractionDigits=0}	int 1	"\u200f1\u00a0€"	
ar	{$n :currency currency=EUR fractionDigits=0}	int -1	"\u200f\u200e-1\u00a0€"	
ar	{$n :currency currency=EUR fractionDigits=0}	int 2	"\u200f2\u00a0€"	
ar	{$n :currency currency=EUR fractionDigits=0}	int 5	"\u200f5\u00a0€"	
ar	{$n :currency currency=EUR fractionDigits=0}	int 21	"\u200f21\u00a0€"	
ar	{$n :currency currency=EUR fractionDigits=0}	float 1.5	"\u200f2\u00a0€"	
ar	{$n :currency currency=EUR fractionDigits=0}	decimal 1234.5	"\u200f1,235\u00a0€"	
ar	{$n :currency currency=EUR fractionDigits=0}	decimal -1234567.891	"\u200f\u200e-1,234,568\u00a0€"	
he	{$n :currency currency=EUR}	int 0	"\u200f0.00\u00a0\u200f€"	
he	{$n :currency currency=EUR}	int 1	"\u200f1.00\u00a0\u200f€"	
he	{$n :currency currency=EUR}	int -1	"\u200f\u200e-1.00\u00a0\u200f€"	
he	{$n :currency currency=EUR}	int 2	"\u200f2.00\u00a0\u200f€"	
he	{$n :currency currency=EUR}	int 5	"\u200f5.00\u00a0\u200f€"	
he	{$n :currency currency=EUR}	int 21	"\u200f21.00\u00a0\u200f€"	
he	{$n :currency currency=EUR}	float 1.5	"\u200f1.50\u00a0\u200f€"	
he	{$n :currency currency=EUR}	decimal 1234.5	"\u200f1,234.50\u00a0\u200f€"	
he	{$n :currency currency=EUR}	decimal -1234567.891	"\u200f\u200e-1,234,567.89\u00a0\u200f€"	
he	{$n :currency currency=USD}	int 0	"\u200f0.00\u00a0\u200f$"	
he	{$n :currency currency=USD}	int 1	"\u200f1.00\u00a0\u200f$"	
he	{$n :currency currency=USD}	int -1	"\u200f\u200e-1.00\u00a0\u200f$"	
he	{$n :currency currency=USD}	int 2	"\u200f2.00\u00a0\u200f$"	
he	{$n :currency currency=USD}	int 5	"\u200f5.00\u00a0\u200f$"	
he	{$n :currency currency=USD}	int 21	"\u200f21.00\u00a0\u200f$"	
he	{$n :currency currency=USD}	float 1.5	"\u200f1.50\u00a0\u200f$"	
he	{$n :currency currency=USD}	decimal 1234.5	"\u200f1,234.50\u00a0\u200f$"	
he	{$n :currency currency=USD}	decimal -1234567.891	"\u200f\u200e-1,234,567.89\u00a0\u200f$"	
he	{$n :currency currency=JPY}	int 0	"\u200f0\u00a0\u200f¥"	
he	{$n :currency currency=JPY}	int 1	"\u200f1\u00a0\u200f¥"	
he	{$n :currency currency=JPY}	int -1	"\u200f\u200e-1\u00a0\u200f¥"	
he	{$n :currency currency=JPY}	int 2	"\u200f2\u00a0\u200f¥"	
he	{$n :currency currency=JPY}	int 5	"\u200f5\u00a0\u200f¥"	
he	{$n :currency currency=JPY}	int 21	"\u200f21\u00a0\u200f¥"	
he	{$n :currency currency=JPY}	float 1.5	"\u200f2\u00a0\u200f¥"	
he	{$n :currency currency=JPY}	decimal 1234.5	"\u200f1,235\u00a0\u200f¥"	
he	{$n :currency currency=JPY}	decimal -1234567.891	"\u200f\u200e-1,234,568\u00a0\u200f¥"	
he	{$n :currency currency=CHF}	int 0	"\u200f0.00\u00a0\u200fCHF"	
he	{$n :currency currency=CHF}	int 1	"\u200f1.00\u00a0\u200fCHF"	
he	{$n :currency currency=CHF}	int -1	"\u200f\u200e-1.00\u00a0\u200fCHF"	
he	{$n :currency currency=CHF}	int 2	"\u200f2.00\u00a0\u200fCHF"	
he	{$n :currency currency=CHF}	int 5	"\u200f5.00\u00a0\u200fCHF"	
he	{$n :currency currency=CHF}	int 21	"\u200f21.00\u00a0\u200fCHF"	
he	{$n :currency currency=CHF}	float 1.5	"\u200f1.50\u00a0\u200fCHF"	
he	{$n :currency currency=CHF}	decimal 1234.5	"\u200f1,234.50\u00a0\u200fCHF"	
he	{$n :currency currency=CHF}	decimal -1234567.891	"\u200f\u200e-1,234,567.89\u00a0\u200fCHF"	
he	{$n :currency currency=EUR currencyDisplay=code}	int 0	"\u200f0.00\u00a0\u200fEUR"	
he	{$n :currency currency=EUR currencyDisplay=code}	int 1	"\u200f1.00\u00a0\u200fEUR"	
he	{$n :currency currency=EUR currencyDisplay=code}	int -1	"\u200f\u200e-1.00\u00a0\u200fEUR"	
he	{$n :currency currency=EUR currencyDisplay=code}	int 2	"\u200f2.00\u00a0\u200fEUR"	
he	{$n :currency currency=EUR currencyDisplay=code}	int 5	"\u200f5.00\u00a0\u200fEUR"	
he	{$n :currency currency=EUR currencyDisplay=code}	int 21	"\u200f21.00\u00a0\u200fEUR"	
he	{$n :currency currency=EUR currencyDisplay=code}	float 1.5	"\u200f1.50\u00a0\u200fEUR"	
he	{$n :currency currency=EUR currencyDisplay=code}	decimal 1234.5	"\u200f1,234.50\u00a0\u200fEUR"	
he	{$n :currency currency=EUR currencyDisplay=code}	decimal -1234567.891	"\u200f\u200e-1,234,567.89\u00a0\u200fEUR"	
he	{$n :currency currency=EUR currencyDisplay=name}	int 0	"0.00 אירו"	
he	{$n :currency currency=EUR currencyDisplay=name}	int 1	"1.00 אירו"	
he	{$n :currency currency=EUR currencyDisplay=name}	int -1	"\u200e-1.00 אירו"	
he	{$n :currency currency=EUR currencyDisplay=name}	int 2	"2.00 אירו"	
he	{$n :currency currency=EUR currencyDisplay=name}	int 5	"5.00 אירו"	
he	{$n :currency currency=EUR currencyDisplay=name}	int 21	"21.00 אירו"	
he	{$n :currency currency=EUR currencyDisplay=name}	float 1.5	"1.50 אירו"	
he	{$n :currency currency=EUR currencyDisplay=name}	decimal 1234.5	"1,234.50 אירו"	
he	{$n :currency currency=EUR currencyDisplay=name}	decimal -1234567.891	"\u200e-1,234,567.89 אירו"	
he	{$n :currency currency=USD currencyDisplay=narrowSymbol}	int 0	"\u200f0.00\u00a0\u200f$"	
he	{$n :currency currency=USD currencyDisplay=narrowSymbol}	int 1	"\u200f1.00\u00a0\u200f$"	
he	{$n :currency currency=USD currencyDisplay=narrowSymbol}	int -1	"\u200f\u200e-1.00\u00a0\u200f$"	
he	{$n :currency currency=USD currencyDisplay=narrowSymbol}	int 2	"\u200f2.00\u00a0\u200f$"	
he	{$n :currency currency=USD currencyDisplay=narrowSymbol}	int 5	"\u200f5.00\u00a0\u200f$"	
he	{$n :currency currency=USD currencyDisplay=narrowSymbol}	int 21	"\u200f21.00\u00a0\u200f$"	
he	{$n :currency currency=USD currencyDisplay=narrowSymbol}	float 1.5	"\u200f1.50\u00a0\u200f$"	
he	{$n :currency currency=USD currencyDisplay=narrowSymbol}	decimal 1234.5	"\u200f1,234.50\u00a0\u200f$"	
he	{$n :currency currency=USD currencyDisplay=narrowSymbol}	decimal -1234567.891	"\u200f\u200e-1,234,567.89\u00a0\u200f$"	
he	{$n :currency currency=USD currencySign=accounting}	int 0	"\u200f0.00\u00a0\u200f$"	
he	{$n :currency currency=USD currencySign=accounting}	int 1	"\u200f1.00\u00a0\u200f$"	
he	{$n :currency currency=USD currencySign=accounting}	int -1	"\u200f\u200e-1.00\u00a0\u200f$"	
he	{$n :currency currency=USD currencySign=accounting}	int 2	"\u200f2.00\u00a0\u200f$"	
he	{$n :currency currency=USD currencySign=accounting}	int 5	"\u200f5.00\u00a0\u200f$"	
he	{$n :currency currency=USD currencySign=accounting}	int 21	"\u200f21.00\u00a0\u200f$"	
he	{$n :currency currency=USD currencySign=accounting}	float 1.5	"\u200f1.50\u00a0\u200f$"	
he	{$n :currency currency=USD currencySign=accounting}	decimal 1234.5	"\u200f1,234.50\u00a0\u200f$"	
he	{$n :currency currency=USD currencySign=accounting}	decimal -1234567.891	"\u200f\u200e-1,234,567.89\u00a0\u200f$"	
he	{$n :currency currency=EUR currencyDisplay=never}	int 0	"\u200f0.00\u00a0\u200f"	
he	{$n :currency currency=EUR currencyDisplay=never}	int 1	"\u200f1.00\u00a0\u200f"	
he	{$n :currency currency=EUR currencyDisplay=never}	int -1	"\u200f\u200e-1.00\u00a0\u200f"	
he	{$n :currency currency=EUR currencyDisplay=never}	int 2	"\u200f2.00\u00a0\u200f"	
he	{$n :currency currency=EUR currencyDisplay=never}	int 5	"\u200f5.00\u00a0\u200f"	
he	{$n :currency currency=EUR currencyDisplay=never}	int 21	"\u200f21.00\u00a0\u200f"	
he	{$n :currency currency=EUR currencyDisplay=never}	float 1.5	"\u200f1.50\u00a0\u200f"	
he	{$n :currency currency=EUR currencyDisplay=never}	decimal 1234.5	"\u200f1,234.50\u00a0\u200f"	
he	{$n :currency currency=EUR currencyDisplay=never}	decimal -1234567.891	"\u200f\u200e-1,234,567.89\u00a0\u200f"	
he	{$n :currency currency=EUR fractionDigits=0}	int 0	"\u200f0\u00a0\u200f€"	
he	{$n :currency currency=EUR fractionDigits=0}	int 1	"\u200f1\u00a0\u200f€"	
he	{$n :currency currency=EUR fractionDigits=0}	int -1	"\u200f\u200e-1\u00a0\u200f€"	
he	{$n :currency currency=EUR fractionDigits=0}	int 2	"\u200f2\u00a0\u200f€"	
he	{$n :currency currency=EUR fractionDigits=0}	int 5	"\u200f5\u00a0\u200f€"	
he	{$n :currency currency=EUR fractionDigits=0}	int 21	"\u200f21\u00a0\u200f€"	
he	{$n :currency currency=EUR fractionDigits=0}	float 1.5	"\u200f2\u00a0\u200f€"	
he	{$n :currency currency=EUR fractionDigits=0}	decimal 1234.5	"\u200f1,235\u00a0\u200f€"	
he	{$n :currency currency=EUR fractionDigits=0}	decimal -1234567.891	"\u200f\u200e-1,234,568\u00a0\u200f€"	
ja	{$n :currency currency=EUR}	int 0	"€0.00"	
ja	{$n :currency currency=EUR}	int 1	"€1.00"	
ja	{$n :currency currency=EUR}	int -1	"-€1.00"	
ja	{$n :currency currency=EUR}	int 2	"€2.00"	
ja	{$n :currency currency=EUR}	int 5	"€5.00"	
ja	{$n :currency currency=EUR}	int 21	"€21.00"	
ja	{$n :currency currency=EUR}	float 1.5	"€1.50"	
ja	{$n :currency currency=EUR}	decimal 1234.5	"€1,234.50"	
ja	{$n :currency currency=EUR}	decimal -1234567.891	"-€1,234,567.89"	
ja	{$n :currency currency=USD}	int 0	"$0.00"	
ja	{$n :currency currency=USD}	int 1	"$1.00"	
ja	{$n :currency currency=USD}	int -1	"-$1.00"	
ja	{$n :currency currency=USD}	int 2	"$2.00"	
ja	{$n :currency currency=USD}	int 5	"$5.00"	
ja	{$n :currency currency=USD}	int 21	"$21.00"	
ja	{$n :currency currency=USD}	float 1.5	"$1.50"	
ja	{$n :currency currency=USD}	decimal 1234.5	"$1,234.50"	
ja	{$n :currency currency=USD}	decimal -1234567.891	"-$1,234,567.89"	
ja	{$n :currency currency=JPY}	int 0	"￥0"	
ja	{$n :currency currency=JPY}	int 1	"￥1"	
ja	{$n :currency currency=JPY}	int -1	"-￥1"	
ja	{$n :currency currency=JPY}	int 2	"￥2"	
ja	{$n :currency currency=JPY}	int 5	"￥5"	
ja	{$n :currency currency=JPY}	int 21	"￥21"	
ja	{$n :currency currency=JPY}	float 1.5	"￥2"	
ja	{$n :currency currency=JPY}	decimal 1234.5	"￥1,235"	
ja	{$n :currency currency=JPY}	decimal -1234567.891	"-￥1,234,568"	
ja	{$n :currency currency=CHF}	int 0	"CHF\u00a00.00"	
ja	{$n :currency currency=CHF}	int 1	"CHF\u00a01.00"	
ja	{$n :currency currency=CHF}	int -1	"-CHF\u00a01.00"	
ja	{$n :currency currency=CHF}	int 2	"CHF\u00a02.00"	
ja	{$n :currency currency=CHF}	int 5	"CHF\u00a05.00"	
ja	{$n :currency currency=CHF}	int 21	"CHF\u00a021.00"	
ja	{$n :currency currency=CHF}	float 1.5	"CHF\u00a01.50"	
ja	{$n :currency currency=CHF}	decimal 1234.5	"CHF\u00a01,234.50"	
ja	{$n :currency currency=CHF}	decimal -1234567.891	"-CHF\u00a01,234,567.89"	
ja	{$n :currency currency=EUR currencyDisplay=code}	int 0	"EUR\u00a00.00"	
ja	{$n :currency currency=EUR currencyDisplay=code}	int 1	"EUR\u00a01.00"	
ja	{$n :currency currency=EUR currencyDisplay=code}	int -1	"-EUR\u00a01.00"	
ja	{$n :currency currency=EUR currencyDisplay=code}	int 2	"EUR\u00a02.00"	
ja	{$n :currency currency=EUR currencyDisplay=code}	int 5	"EUR\u00a05.00"	
ja	{$n :currency currency=EUR currencyDisplay=code}	int 21	"EUR\u00a021.00"	
ja	{$n :currency currency=EUR currencyDisplay=code}	float 1.5	"EUR\u00a01.50"	
ja	{$n :currency currency=EUR currencyDisplay=code}	decimal 1234.5	"EUR\u00a01,234.50"	
ja	{$n :currency currency=EUR currencyDisplay=code}	decimal -1234567.891	"-EUR\u00a01,234,567.89"	
ja	{$n :currency currency=EUR currencyDisplay=name}	int 0	"0.00ユーロ"	
ja	{$n :currency currency=EUR currencyDisplay=name}	int 1	"1.00ユーロ"	
ja	{$n :currency currency=EUR currencyDisplay=name}	int -1	"-1.00ユーロ"	
ja	{$n :currency currency=EUR currencyDisplay=name}	int 2	"2.00ユーロ"	
ja	{$n :currency currency=EUR currencyDisplay=name}	int 5	"5.00ユーロ"	
ja	{$n :currency currency=EUR currencyDisplay=name}	int 21	"21.00ユーロ"	
ja	{$n :currency currency=EUR currencyDisplay=name}	float 1.5	"1.50ユーロ"	
ja	{$n :currency currency=EUR currencyDisplay=name}	decimal 1234.5	"1,234.50ユーロ"	
ja	{$n :currency currency=EUR currencyDisplay=name}	decimal -1234567.891	"-1,234,567.89ユーロ"	
ja	{$n :currency currency=USD currencyDisplay=narrowSymbol}	int 0	"$0.00"	
ja	{$n :currency currency=USD currencyDisplay=narrowSymbol}	int 1	"$1.00"	
ja	{$n :currency currency=USD currencyDisplay=narrowSymbol}	int -1	"-$1.00"	
ja	{$n :currency currency=USD currencyDisplay=narrowSymbol}	int 2	"$2.00"	
ja	{$n :currency currency=USD currencyDisplay=narrowSymbol}	int 5	"$5.00"	
ja	{$n :currency currency=USD currencyDisplay=narrowSymbol}	int 21	"$21.00"	
ja	{$n :currency currency=USD currencyDisplay=narrowSymbol}	float 1.5	"$1.50"	
ja	{$n :currency currency=USD currencyDisplay=narrowSymbol}	decimal 1234.5	"$1,234.50"	
ja	{$n :currency currency=USD currencyDisplay=narrowSymbol}	decimal -1234567.891	"-$1,234,567.89"	
ja	{$n :currency currency=USD currencySign=accounting}	int 0	"$0.00"	
ja	{$n :currency currency=USD currencySign=accounting}	int 1	"$1.00"	
ja	{$n :currency currency=USD currencySign=accounting}	int -1	"($1.00)"	
ja	{$n :currency currency=USD currencySign=accounting}	int 2	"$2.00"	
ja	{$n :currency currency=USD currencySign=accounting}	int 5	"$5.00"	
ja	{$n :currency currency=USD currencySign=accounting}	int 21	"$21.00"	
ja	{$n :currency currency=USD currencySign=accounting}	float 1.5	"$1.50"	
ja	{$n :currency currency=USD currencySign=accounting}	decimal 1234.5	"$1,234.50"	
ja	{$n :currency currency=USD currencySign=accounting}	decimal -1234567.891	"($1,234,567.89)"	
ja	{$n :currency currency=EUR currencyDisplay=never}	int 0	"0.00"	
ja	{$n :currency currency=EUR currencyDisplay=never}	int 1	"1.00"	
ja	{$n :currency currency=EUR currencyDisplay=never}	int -1	"-1.00"	
ja	{$n :currency currency=EUR currencyDisplay=never}	int 2	"2.00"	
ja	{$n :currency currency=EUR currencyDisplay=never}	int 5	"5.00"	
ja	{$n :currency currency=EUR currencyDisplay=never}	int 21	"21.00"	
ja	{$n :currency currency=EUR currencyDisplay=never}	float 1.5	"1.50"	
ja	{$n :currency currency=EUR currencyDisplay=never}	decimal 1234.5	"1,234.50"	
ja	{$n :currency currency=EUR currencyDisplay=never}	decimal -1234567.891	"-1,234,567.89"	
ja	{$n :currency currency=EUR fractionDigits=0}	int 0	"€0"	
ja	{$n :currency currency=EUR fractionDigits=0}	int 1	"€1"	
ja	{$n :currency currency=EUR fractionDigits=0}	int -1	"-€1"	
ja	{$n :currency currency=EUR fractionDigits=0}	int 2	"€2"	
ja	{$n :currency currency=EUR fractionDigits=0}	int 5	"€5"	
ja	{$n :currency currency=EUR fractionDigits=0}	int 21	"€21"	
ja	{$n :currency currency=EUR fractionDigits=0}	float 1.5	"€2"	
ja	{$n :currency currency=EUR fractionDigits=0}	decimal 1234.5	"€1,235"	
ja	{$n :currency currency=EUR fractionDigits=0}	decimal -1234567.891	"-€1,234,568"	
hi	{$n :currency currency=EUR}	int 0	"€0.00"	
hi	{$n :currency currency=EUR}	int 1	"€1.00"	
hi	{$n :currency currency=EUR}	int -1	"-€1.00"	
hi	{$n :currency currency=EUR}	int 2	"€2.00"	
hi	{$n :currency currency=EUR}	int 5	"€5.00"	
hi	{$n :currency currency=EUR}	int 21	"€21.00"	
hi	{$n :currency currency=EUR}	float 1.5	"€1.50"	
hi	{$n :currency currency=EUR}	decimal 1234.5	"€1,234.50"	
hi	{$n :currency currency=EUR}	decimal -1234567.891	"-€12,34,567.89"	
hi	{$n :currency currency=USD}	int 0	"$0.00"	
hi	{$n :currency currency=USD}	int 1	"$1.00"	
hi	{$n :currency currency=USD}	int -1	"-$1.00"	
hi	{$n :currency currency=USD}	int 2	"$2.00"	
hi	{$n :currency currency=USD}	int 5	"$5.00"	
hi	{$n :currency currency=USD}	int 21	"$21.00"	
hi	{$n :currency currency=USD}	float 1.5	"$1.50"	
hi	{$n :currency currency=USD}	decimal 1234.5	"$1,234.50"	
hi	{$n :currency currency=USD}	decimal -1234567.891	"-$12,34,567.89"	
hi	{$n :currency currency=JPY}	int 0	"JP¥0"	
hi	{$n :currency currency=JPY}	int 1	"JP¥1"	
hi	{$n :currency currency=JPY}	int -1	"-JP¥1"	
hi	{$n :currency currency=JPY}	int 2	"JP¥2"	
hi	{$n :currency currency=JPY}	int 5	"JP¥5"	
hi	{$n :currency currency=JPY}	int 21	"JP¥21"	
hi	{$n :currency currency=JPY}	float 1.5	"JP¥2"	
hi	{$n :currency currency=JPY}	decimal 1234.5	"JP¥1,235"	
hi	{$n :currency currency=JPY}	decimal -1234567.891	"-JP¥12,34,568"	
hi	{$n :currency currency=CHF}	int 0	"CHF\u00a00.00"	
hi	{$n :currency currency=CHF}	int 1	"CHF\u00a01.00"	
hi	{$n :currency currency=CHF}	int -1	"-CHF\u00a01.00"	
hi	{$n :currency currency=CHF}	int 2	"CHF\u00a02.00"	
hi	{$n :currency currency=CHF}	int 5	"CHF\u00a05.00"	
hi	{$n :currency currency=CHF}	int 21	"CHF\u00a021.00"	
hi	{$n :currency currency=CHF}	float 1.5	"CHF\u00a01.50"	
hi	{$n :currency currency=CHF}	decimal 1234.5	"CHF\u00a01,234.50"	
hi	{$n :currency currency=CHF}	decimal -1234567.891	"-CHF\u00a012,34,567.89"	
hi	{$n :currency currency=EUR currencyDisplay=code}	int 0	"EUR\u00a00.00"	
hi	{$n :currency currency=EUR currencyDisplay=code}	int 1	"EUR\u00a01.00"	
hi	{$n :currency currency=EUR currencyDisplay=code}	int -1	"-EUR\u00a01.00"	
hi	{$n :currency currency=EUR currencyDisplay=code}	int 2	"EUR\u00a02.00"	
hi	{$n :currency currency=EUR currencyDisplay=code}	int 5	"EUR\u00a05.00"	
hi	{$n :currency currency=EUR currencyDisplay=code}	int 21	"EUR\u00a021.00"	
hi	{$n :currency currency=EUR currencyDisplay=code}	float 1.5	"EUR\u00a01.50"	
hi	{$n :currency currency=EUR currencyDisplay=code}	decimal 1234.5	"EUR\u00a01,234.50"	
hi	{$n :currency currency=EUR currencyDisplay=code}	decimal -1234567.891	"-EUR\u00a012,34,567.89"	
hi	{$n :currency currency=EUR currencyDisplay=name}	int 0	"0.00 यूरो"	
hi	{$n :currency currency=EUR currencyDisplay=name}	int 1	"1.00 यूरो"	
hi	{$n :currency currency=EUR currencyDisplay=name}	int -1	"-1.00 यूरो"	
hi	{$n :currency currency=EUR currencyDisplay=name}	int 2	"2.00 यूरो"	
hi	{$n :currency currency=EUR currencyDisplay=name}	int 5	"5.00 यूरो"	
hi	{$n :currency currency=EUR currencyDisplay=name}	int 21	"21.00 यूरो"	
hi	{$n :currency currency=EUR currencyDisplay=name}	float 1.5	"1.50 यूरो"	
hi	{$n :currency currency=EUR currencyDisplay=name}	decimal 1234.5	"1,234.50 यूरो"	
hi	{$n :currency currency=EUR currencyDisplay=name}	decimal -1234567.891	"-12,34,567.89 यूरो"	
hi	{$n :currency currency=USD currencyDisplay=narrowSymbol}	int 0	"$0.00"	
hi	{$n :currency currency=USD currencyDisplay=narrowSymbol}	int 1	"$1.00"	
hi	{$n :currency currency=USD currencyDisplay=narrowSymbol}	int -1	"-$1.00"	
hi	{$n :currency currency=USD currencyDisplay=narrowSymbol}	int 2	"$2.00"	
hi	{$n :currency currency=USD currencyDisplay=narrowSymbol}	int 5	"$5.00"	
hi	{$n :currency currency=USD currencyDisplay=narrowSymbol}	int 21	"$21.00"	
hi	{$n :currency currency=USD currencyDisplay=narrowSymbol}	float 1.5	"$1.50"	
hi	{$n :currency currency=USD currencyDisplay=narrowSymbol}	decimal 1234.5	"$1,234.50"	
hi	{$n :currency currency=USD currencyDisplay=narrowSymbol}	decimal -1234567.891	"-$12,34,567.89"	
hi	{$n :currency currency=USD currencySign=accounting}	int 0	"$0.00"	
hi	{$n :currency currency=USD currencySign=accounting}	int 1	"$1.00"	
hi	{$n :currency currency=USD currencySign=accounting}	int -1	"-$1.00"	
hi	{$n :currency currency=USD currencySign=accounting}	int 2	"$2.00"	
hi	{$n :currency currency=USD currencySign=accounting}	int 5	"$5.00"	
hi	{$n :currency currency=USD currencySign=accounting}	int 21	"$21.00"	
hi	{$n :currency currency=USD currencySign=accounting}	float 1.5	"$1.50"	
hi	{$n :currency currency=USD currencySign=accounting}	decimal 1234.5	"$1,234.50"	
hi	{$n :currency currency=USD currencySign=accounting}	decimal -1234567.891	"-$12,34,567.89"	
hi	{$n :currency currency=EUR currencyDisplay=never}	int 0	"0.00"	
hi	{$n :currency currency=EUR currencyDisplay=never}	int 1	"1.00"	
hi	{$n :currency currency=EUR currencyDisplay=never}	int -1	"-1.00"	
hi	{$n :currency currency=EUR currencyDisplay=never}	int 2	"2.00"	
hi	{$n :currency currency=EUR currencyDisplay=never}	int 5	"5.00"	
hi	{$n :currency currency=EUR currencyDisplay=never}	int 21	"21.00"	
hi	{$n :currency currency=EUR currencyDisplay=never}	float 1.5	"1.50"	
hi	{$n :currency currency=EUR currencyDisplay=never}	decimal 1234.5	"1,234.50"	
hi	{$n :currency currency=EUR currencyDisplay=never}	decimal -1234567.891	"-12,34,567.89"	
hi	{$n :currency currency=EUR fractionDigits=0}	int 0	"€0"	
hi	{$n :currency currency=EUR fractionDigits=0}	int 1	"€1"	
hi	{$n :currency currency=EUR fractionDigits=0}	int -1	"-€1"	
hi	{$n :currency currency=EUR fractionDigits=0}	int 2	"€2"	
hi	{$n :currency currency=EUR fractionDigits=0}	int 5	"€5"	
hi	{$n :currency currency=EUR fractionDigits=0}	int 21	"€21"	
hi	{$n :currency currency=EUR fractionDigits=0}	float 1.5	"€2"	
hi	{$n :currency currency=EUR fractionDigits=0}	decimal 1234.5	"€1,235"	
hi	{$n :currency currency=EUR fractionDigits=0}	decimal -1234567.891	"-€12,34,568"	
ru	{$n :currency currency=EUR}	int 0	"0,00\u00a0€"	
ru	{$n :currency currency=EUR}	int 1	"1,00\u00a0€"	
ru	{$n :currency currency=EUR}	int -1	"-1,00\u00a0€"	
ru	{$n :currency currency=EUR}	int 2	"2,00\u00a0€"	
ru	{$n :currency currency=EUR}	int 5	"5,00\u00a0€"	
ru	{$n :currency currency=EUR}	int 21	"21,00\u00a0€"	
ru	{$n :currency currency=EUR}	float 1.5	"1,50\u00a0€"	
ru	{$n :currency currency=EUR}	decimal 1234.5	"1\u00a0234,50\u00a0€"	
ru	{$n :currency currency=EUR}	decimal -1234567.891	"-1\u00a0234\u00a0567,89\u00a0€"	
ru	{$n :currency currency=USD}	int 0	"0,00\u00a0$"	
ru	{$n :currency currency=USD}	int 1	"1,00\u00a0$"	
ru	{$n :currency currency=USD}	int -1	"-1,00\u00a0$"	
ru	{$n :currency currency=USD}	int 2	"2,00\u00a0$"	
ru	{$n :currency currency=USD}	int 5	"5,00\u00a0$"	
ru	{$n :currency currency=USD}	int 21	"21,00\u00a0$"	
ru	{$n :currency currency=USD}	float 1.5	"1,50\u00a0$"	
ru	{$n :currency currency=USD}	decimal 1234.5	"1\u00a0234,50\u00a0$"	
ru	{$n :currency currency=USD}	decimal -1234567.891	"-1\u00a0234\u00a0567,89\u00a0$"	
ru	{$n :currency currency=JPY}	int 0	"0\u00a0¥"	
ru	{$n :currency currency=JPY}	int 1	"1\u00a0¥"	
ru	{$n :currency currency=JPY}	int -1	"-1\u00a0¥"	
ru	{$n :currency currency=JPY}	int 2	"2\u00a0¥"	
ru	{$n :currency currency=JPY}	int 5	"5\u00a0¥"	
ru	{$n :currency currency=JPY}	int 21	"21\u00a0¥"	
ru	{$n :currency currency=JPY}	float 1.5	"2\u00a0¥"	
ru	{$n :currency currency=JPY}	decimal 1234.5	"1\u00a0235\u00a0¥"	
ru	{$n :currency currency=JPY}	decimal -1234567.891	"-1\u00a0234\u00a0568\u00a0¥"	
ru	{$n :currency currency=CHF}	int 0	"0,00\u00a0CHF"	
ru	{$n :currency currency=CHF}	int 1	"1,00\u00a0CHF"	
ru	{$n :currency currency=CHF}	int -1	"-1,00\u00a0CHF"	
ru	{$n :currency currency=CHF}	int 2	"2,00\u00a0CHF"	
ru	{$n :currency currency=CHF}	int 5	"5,00\u00a0CHF"	
ru	{$n :currency currency=CHF}	int 21	"21,00\u00a0CHF"	
ru	{$n :currency currency=CHF}	float 1.5	"1,50\u00a0CHF"	
ru	{$n :currency currency=CHF}	decimal 1234.5	"1\u00a0234,50\u00a0CHF"	
ru	{$n :currency currency=CHF}	decimal -1234567.891	"-1\u00a0234\u00a0567,89\u00a0CHF"	
ru	{$n :currency currency=EUR currencyDisplay=code}	int 0	"0,00\u00a0EUR"	
ru	{$n :currency currency=EUR currencyDisplay=code}	int 1	"1,00\u00a0EUR"	
ru	{$n :currency currency=EUR currencyDisplay=code}	int -1	"-1,00\u00a0EUR"	
ru	{$n :currency currency=EUR currencyDisplay=code}	int 2	"2,00\u00a0EUR"	
ru	{$n :currency currency=EUR currencyDisplay=code}	int 5	"5,00\u00a0EUR"	
ru	{$n :currency currency=EUR currencyDisplay=code}	int 21	"21,00\u00a0EUR"	
ru	{$n :currency currency=EUR currencyDisplay=code}	float 1.5	"1,50\u00a0EUR"	
ru	{$n :currency currency=EUR currencyDisplay=code}	decimal 1234.5	"1\u00a0234,50\u00a0EUR"	
ru	{$n :currency currency=EUR currencyDisplay=code}	decimal -1234567.891	"-1\u00a0234\u00a0567,89\u00a0EUR"	
ru	{$n :currency currency=EUR currencyDisplay=name}	int 0	"0,00 евро"	
ru	{$n :currency currency=EUR currencyDisplay=name}	int 1	"1,00 евро"	
ru	{$n :currency currency=EUR currencyDisplay=name}	int -1	"-1,00 евро"	
ru	{$n :currency currency=EUR currencyDisplay=name}	int 2	"2,00 евро"	
ru	{$n :currency currency=EUR currencyDisplay=name}	int 5	"5,00 евро"	
ru	{$n :currency currency=EUR currencyDisplay=name}	int 21	"21,00 евро"	
ru	{$n :currency currency=EUR currencyDisplay=name}	float 1.5	"1,50 евро"	
ru	{$n :currency currency=EUR currencyDisplay=name}	decimal 1234.5	"1\u00a0234,50 евро"	
ru	{$n :currency currency=EUR currencyDisplay=name}	decimal -1234567.891	"-1\u00a0234\u00a0567,89 евро"	
ru	{$n :currency currency=USD currencyDisplay=narrowSymbol}	int 0	"0,00\u00a0$"	
ru	{$n :currency currency=USD currencyDisplay=narrowSymbol}	int 1	"1,00\u00a0$"	
ru	{$n :currency currency=USD currencyDisplay=narrowSymbol}	int -1	"-1,00\u00a0$"	
ru	{$n :currency currency=USD currencyDisplay=narrowSymbol}	int 2	"2,00\u00a0$"	
ru	{$n :currency currency=USD currencyDisplay=narrowSymbol}	int 5	"5,00\u00a0$"	
ru	{$n :currency currency=USD currencyDisplay=narrowSymbol}	int 21	"21,00\u00a0$"	
ru	{$n :currency currency=USD currencyDisplay=narrowSymbol}	float 1.5	"1,50\u00a0$"	
ru	{$n :currency currency=USD currencyDisplay=narrowSymbol}	decimal 1234.5	"1\u00a0234,50\u00a0$"	
ru	{$n :currency currency=USD currencyDisplay=narrowSymbol}	decimal -1234567.891	"-1\u00a0234\u00a0567,89\u00a0$"	
ru	{$n :currency currency=USD currencySign=accounting}	int 0	"0,00\u00a0$"	
ru	{$n :currency currency=USD currencySign=accounting}	int 1	"1,00\u00a0$"	
ru	{$n :currency currency=USD currencySign=accounting}	int -1	"-1,00\u00a0$"	
ru	{$n :currency currency=USD currencySign=accounting}	int 2	"2,00\u00a0$"	
ru	{$n :currency currency=USD currencySign=accounting}	int 5	"5,00\u00a0$"	
ru	{$n :currency currency=USD currencySign=accounting}	int 21	"21,00\u00a0$"	
ru	{$n :currency currency=USD currencySign=accounting}	float 1.5	"1,50\u00a0$"	
ru	{$n :currency currency=USD currencySign=accounting}	decimal 1234.5	"1\u00a0234,50\u00a0$"	
ru	{$n :currency currency=USD currencySign=accounting}	decimal -1234567.891	"-1\u00a0234\u00a0567,89\u00a0$"	
ru	{$n :currency currency=EUR currencyDisplay=never}	int 0	"0,00"	
ru	{$n :currency currency=EUR currencyDisplay=never}	int 1	"1,00"	
ru	{$n :currency currency=EUR currencyDisplay=never}	int -1	"-1,00"	
ru	{$n :currency currency=EUR currencyDisplay=never}	int 2	"2,00"	
ru	{$n :currency currency=EUR currencyDisplay=never}	int 5	"5,00"	
ru	{$n :currency currency=EUR currencyDisplay=never}	int 21	"21,00"	
ru	{$n :currency currency=EUR currencyDisplay=never}	float 1.5	"1,50"	
ru	{$n :currency currency=EUR currencyDisplay=never}	decimal 1234.5	"1\u00a0234,50"	
ru	{$n :currency currency=EUR currencyDisplay=never}	decimal -1234567.891	"-1\u00a0234\u00a0567,89"	
ru	{$n :currency currency=EUR fractionDigits=0}	int 0	"0\u00a0€"	
ru	{$n :currency currency=EUR fractionDigits=0}	int 1	"1\u00a0€"	
ru	{$n :currency currency=EUR fractionDigits=0}	int -1	"-1\u00a0€"	
ru	{$n :currency currency=EUR fractionDigits=0}	int 2	"2\u00a0€"	
ru	{$n :currency currency=EUR fractionDigits=0}	int 5	"5\u00a0€"	
ru	{$n :currency currency=EUR fractionDigits=0}	int 21	"21\u00a0€"	
ru	{$n :currency currency=EUR fractionDigits=0}	float 1.5	"2\u00a0€"	
ru	{$n :currency currency=EUR fractionDigits=0}	decimal 1234.5	"1\u00a0235\u00a0€"	
ru	{$n :currency currency=EUR fractionDigits=0}	decimal -1234567.891	"-1\u00a0234\u00a0568\u00a0€"	
pl	{$n :currency currency=EUR}	int 0	"0,00\u00a0€"	
pl	{$n :currency currency=EUR}	int 1	"1,00\u00a0€"	
pl	{$n :currency currency=EUR}	int -1	"-1,00\u00a0€"	
pl	{$n :currency currency=EUR}	int 2	"2,00\u00a0€"	
pl	{$n :currency currency=EUR}	int 5	"5,00\u00a0€"	
pl	{$n :currency currency=EUR}	int 21	"21,00\u00a0€"	
pl	{$n :currency currency=EUR}	float 1.5	"1,50\u00a0€"	
pl	{$n :currency currency=EUR}	decimal 1234.5	"1234,50\u00a0€"	
pl	{$n :currency currency=EUR}	decimal -1234567.891	"-1\u00a0234\u00a0567,89\u00a0€"	
pl	{$n :currency currency=USD}	int 0	"0,00\u00a0USD"	
pl	{$n :currency currency=USD}	int 1	"1,00\u00a0USD"	
pl	{$n :currency currency=USD}	int -1	"-1,00\u00a0USD"	
pl	{$n :currency currency=USD}	int 2	"2,00\u00a0USD"	
pl	{$n :currency currency=USD}	int 5	"5,00\u00a0USD"	
pl	{$n :currency currency=USD}	int 21	"21,00\u00a0USD"	
pl	{$n :currency currency=USD}	float 1.5	"1,50\u00a0USD"	
pl	{$n :currency currency=USD}	decimal 1234.5	"1234,50\u00a0USD"	
pl	{$n :currency currency=USD}	decimal -1234567.891	"-1\u00a0234\u00a0567,89\u00a0USD"	
pl	{$n :currency currency=JPY}	int 0	"0\u00a0JPY"	
pl	{$n :currency currency=JPY}	int 1	"1\u00a0JPY"	
pl	{$n :currency currency=JPY}	int -1	"-1\u00a0JPY"	
pl	{$n :currency currency=JPY}	int 2	"2\u00a0JPY"	
pl	{$n :currency currency=JPY}	int 5	"5\u00a0JPY"	
pl	{$n :currency currency=JPY}	int 21	"21\u00a0JPY"	
pl	{$n :currency currency=JPY}	float 1.5	"2\u00a0JPY"	
pl	{$n :currency currency=JPY}	decimal 1234.5	"1235\u00a0JPY"	
pl	{$n :currency currency=JPY}	decimal -1234567.891	"-1\u00a0234\u00a0568\u00a0JPY"	
pl	{$n :currency currency=CHF}	int 0	"0,00\u00a0CHF"	
pl	{$n :currency currency=CHF}	int 1	"1,00\u00a0CHF"	
pl	{$n :currency currency=CHF}	int -1	"-1,00\u00a0CHF"	
pl	{$n :currency currency=CHF}	int 2	"2,00\u00a0CHF"	
pl	{$n :currency currency=CHF}	int 5	"5,00\u00a0CHF"	
pl	{$n :currency currency=CHF}	int 21	"21,00\u00a0CHF"	
pl	{$n :currency currency=CHF}	float 1.5	"1,50\u00a0CHF"	
pl	{$n :currency currency=CHF}	decimal 1234.5	"1234,50\u00a0CHF"	
pl	{$n :currency currency=CHF}	decimal -1234567.891	"-1\u00a0234\u00a0567,89\u00a0CHF"	
pl	{$n :currency currency=EUR currencyDisplay=code}	int 0	"0,00\u00a0EUR"	
pl	{$n :currency currency=EUR currencyDisplay=code}	int 1	"1,00\u00a0EUR"	
pl	{$n :currency currency=EUR currencyDisplay=code}	int -1	"-1,00\u00a0EUR"	
pl	{$n :currency currency=EUR currencyDisplay=code}	int 2	"2,00\u00a0EUR"	
pl	{$n :currency currency=EUR currencyDisplay=code}	int 5	"5,00\u00a0EUR"	
pl	{$n :currency currency=EUR currencyDisplay=code}	int 21	"21,00\u00a0EUR"	
pl	{$n :currency currency=EUR currencyDisplay=code}	float 1.5	"1,50\u00a0EUR"	
pl	{$n :currency currency=EUR currencyDisplay=code}	decimal 1234.5	"1234,50\u00a0EUR"	
pl	{$n :currency currency=EUR currencyDisplay=code}	decimal -1234567.891	"-1\u00a0234\u00a0567,89\u00a0EUR"	
pl	{$n :currency currency=EUR currencyDisplay=name}	int 0	"0,00 euro"	
pl	{$n :currency currency=EUR currencyDisplay=name}	int 1	"1,00 euro"	
pl	{$n :currency currency=EUR currencyDisplay=name}	int -1	"-1,00 euro"	
pl	{$n :currency currency=EUR currencyDisplay=name}	int 2	"2,00 euro"	
pl	{$n :currency currency=EUR currencyDisplay=name}	int 5	"5,00 euro"	
pl	{$n :currency currency=EUR currencyDisplay=name}	int 21	"21,00 euro"	
pl	{$n :currency currency=EUR currencyDisplay=name}	float 1.5	"1,50 euro"	
pl	{$n :currency currency=EUR currencyDisplay=name}	decimal 1234.5	"1234,50 euro"	
pl	{$n :currency currency=EUR currencyDisplay=name}	decimal -1234567.891	"-1\u00a0234\u00a0567,89 euro"	
pl	{$n :currency currency=USD currencyDisplay=narrowSymbol}	int 0	"0,00\u00a0$"	
pl	{$n :currency currency=USD currencyDisplay=narrowSymbol}	int 1	"1,00\u00a0$"	
pl	{$n :currency currency=USD currencyDisplay=narrowSymbol}	int -1	"-1,00\u00a0$"	
pl	{$n :currency currency=USD currencyDisplay=narrowSymbol}	int 2	"2,00\u00a0$"	
pl	{$n :currency currency=USD currencyDisplay=narrowSymbol}	int 5	"5,00\u00a0$"	
pl	{$n :currency currency=USD currencyDisplay=narrowSymbol}	int 21	"21,00\u00a0$"	
pl	{$n :currency currency=USD currencyDisplay=narrowSymbol}	float 1.5	"1,50\u00a0$"	
pl	{$n :currency currency=USD currencyDisplay=narrowSymbol}	decimal 1234.5	"1234,50\u00a0$"	
pl	{$n :currency currency=USD currencyDisplay=narrowSymbol}	decimal -1234567.891	"-1\u00a0234\u00a0567,89\u00a0$"	
pl	{$n :currency currency=USD currencySign=accounting}	int 0	"0,00\u00a0USD"	
pl	{$n :currency currency=USD currencySign=accounting}	int 1	"1,00\u00a0USD"	
pl	{$n :currency currency=USD currencySign=accounting}	int -1	"(1,00\u00a0USD)"	
pl	{$n :currency currency=USD currencySign=accounting}	int 2	"2,00\u00a0USD"	
pl	{$n :currency currency=USD currencySign=accounting}	int 5	"5,00\u00a0USD"	
pl	{$n :currency currency=USD currencySign=accounting}	int 21	"21,00\u00a0USD"	
pl	{$n :currency currency=USD currencySign=accounting}	float 1.5	"1,50\u00a0USD"	
pl	{$n :currency currency=USD currencySign=accounting}	decimal 1234.5	"1234,50\u00a0USD"	
pl	{$n :currency currency=USD currencySign=accounting}	decimal -1234567.891	"(1\u00a0234\u00a0567,89\u00a0USD)"	
pl	{$n :currency currency=EUR currencyDisplay=never}	int 0	"0,00"	
pl	{$n :currency currency=EUR currencyDisplay=never}	int 1	"1,00"	
pl	{$n :currency currency=EUR currencyDisplay=never}	int -1	"-1,00"	
pl	{$n :currency currency=EUR currencyDisplay=never}	int 2	"2,00"	
pl	{$n :currency currency=EUR currencyDisplay=never}	int 5	"5,00"	
pl	{$n :currency currency=EUR currencyDisplay=never}	int 21	"21,00"	
pl	{$n :currency currency=EUR currencyDisplay=never}	float 1.5	"1,50"	
pl	{$n :currency currency=EUR currencyDisplay=never}	decimal 1234.5	"1234,50"	
pl	{$n :currency currency=EUR currencyDisplay=never}	decimal -1234567.891	"-1\u00a0234\u00a0567,89"	
pl	{$n :currency currency=EUR fractionDigits=0}	int 0	"0\u00a0€"	
pl	{$n :currency currency=EUR fractionDigits=0}	int 1	"1\u00a0€"	
pl	{$n :currency currency=EUR fractionDigits=0}	int -1	"-1\u00a0€"	
pl	{$n :currency currency=EUR fractionDigits=0}	int 2	"2\u00a0€"	
pl	{$n :currency currency=EUR fractionDigits=0}	int 5	"5\u00a0€"	
pl	{$n :currency currency=EUR fractionDigits=0}	int 21	"21\u00a0€"	
pl	{$n :currency currency=EUR fractionDigits=0}	float 1.5	"2\u00a0€"	
pl	{$n :currency currency=EUR fractionDigits=0}	decimal 1234.5	"1235\u00a0€"	
pl	{$n :currency currency=EUR fractionDigits=0}	decimal -1234567.891	"-1\u00a0234\u00a0568\u00a0€"	
cy	{$n :currency currency=EUR}	int 0	"€0.00"	
cy	{$n :currency currency=EUR}	int 1	"€1.00"	
cy	{$n :currency currency=EUR}	int -1	"-€1.00"	
cy	{$n :currency currency=EUR}	int 2	"€2.00"	
cy	{$n :currency currency=EUR}	int 5	"€5.00"	
cy	{$n :currency currency=EUR}	int 21	"€21.00"	
cy	{$n :currency currency=EUR}	float 1.5	"€1.50"	
cy	{$n :currency currency=EUR}	decimal 1234.5	"€1,234.50"	
cy	{$n :currency currency=EUR}	decimal -1234567.891	"-€1,234,567.89"	
cy	{$n :currency currency=USD}	int 0	"US$0.00"	
cy	{$n :currency currency=USD}	int 1	"US$1.00"	
cy	{$n :currency currency=USD}	int -1	"-US$1.00"	
cy	{$n :currency currency=USD}	int 2	"US$2.00"	
cy	{$n :currency currency=USD}	int 5	"US$5.00"	
cy	{$n :currency currency=USD}	int 21	"US$21.00"	
cy	{$n :currency currency=USD}	float 1.5	"US$1.50"	
cy	{$n :currency currency=USD}	decimal 1234.5	"US$1,234.50"	
cy	{$n :currency currency=USD}	decimal -1234567.891	"-US$1,234,567.89"	
cy	{$n :currency currency=JPY}	int 0	"JP¥0"	
cy	{$n :currency currency=JPY}	int 1	"JP¥1"	
cy	{$n :currency currency=JPY}	int -1	"-JP¥1"	
cy	{$n :currency currency=JPY}	int 2	"JP¥2"	
cy	{$n :currency currency=JPY}	int 5	"JP¥5"	
cy	{$n :currency currency=JPY}	int 21	"JP¥21"	
cy	{$n :currency currency=JPY}	float 1.5	"JP¥2"	
cy	{$n :currency currency=JPY}	decimal 1234.5	"JP¥1,235"	
cy	{$n :currency currency=JPY}	decimal -1234567.891	"-JP¥1,234,568"	
cy	{$n :currency currency=CHF}	int 0	"CHF\u00a00.00"	
cy	{$n :currency currency=CHF}	int 1	"CHF\u00a01.00"	
cy	{$n :currency currency=CHF}	int -1	"-CHF\u00a01.00"	
cy	{$n :currency currency=CHF}	int 2	"CHF\u00a02.00"	
cy	{$n :currency currency=CHF}	int 5	"CHF\u00a05.00"	
cy	{$n :currency currency=CHF}	int 21	"CHF\u00a021.00"	
cy	{$n :currency currency=CHF}	float 1.5	"CHF\u00a01.50"	
cy	{$n :currency currency=CHF}	decimal 1234.5	"CHF\u00a01,234.50"	
cy	{$n :currency currency=CHF}	decimal -1234567.891	"-CHF\u00a01,234,567.89"	
cy	{$n :currency currency=EUR currencyDisplay=code}	int 0	"EUR\u00a00.00"	
cy	{$n :currency currency=EUR currencyDisplay=code}	int 1	"EUR\u00a01.00"	
cy	{$n :currency currency=EUR currencyDisplay=code}	int -1	"-EUR\u00a01.00"	
cy	{$n :currency currency=EUR currencyDisplay=code}	int 2	"EUR\u00a02.00"	
cy	{$n :currency currency=EUR currencyDisplay=code}	int 5	"EUR\u00a05.00"	
cy	{$n :currency currency=EUR currencyDisplay=code}	int 21	"EUR\u00a021.00"	
cy	{$n :currency currency=EUR currencyDisplay=code}	float 1.5	"EUR\u00a01.50"	
cy	{$n :currency currency=EUR currencyDisplay=code}	decimal 1234.5	"EUR\u00a01,234.50"	
cy	{$n :currency currency=EUR currencyDisplay=code}	decimal -1234567.891	"-EUR\u00a01,234,567.89"	
cy	{$n :currency currency=EUR currencyDisplay=name}	int 0	"0.00 ewro"	
cy	{$n :currency currency=EUR currencyDisplay=name}	int 1	"1.00 ewro"	
cy	{$n :currency currency=EUR currencyDisplay=name}	int -1	"-1.00 ewro"	
cy	{$n :currency currency=EUR currencyDisplay=name}	int 2	"2.00 ewro"	
cy	{$n :currency currency=EUR currencyDisplay=name}	int 5	"5.00 ewro"	
cy	{$n :currency currency=EUR currencyDisplay=name}	int 21	"21.00 ewro"	
cy	{$n :currency currency=EUR currencyDisplay=name}	float 1.5	"1.50 ewro"	
cy	{$n :currency currency=EUR currencyDisplay=name}	decimal 1234.5	"1,234.50 ewro"	
cy	{$n :currency currency=EUR currencyDisplay=name}	decimal -1234567.891	"-1,234,567.89 ewro"	
cy	{$n :currency currency=USD currencyDisplay=narrowSymbol}	int 0	"$0.00"	
cy	{$n :currency currency=USD currencyDisplay=narrowSymbol}	int 1	"$1.00"	
cy	{$n :currency currency=USD currencyDisplay=narrowSymbol}	int -1	"-$1.00"	
cy	{$n :currency currency=USD currencyDisplay=narrowSymbol}	int 2	"$2.00"	
cy	{$n :currency currency=USD currencyDisplay=narrowSymbol}	int 5	"$5.00"	
cy	{$n :currency currency=USD currencyDisplay=narrowSymbol}	int 21	"$21.00"	
cy	{$n :currency currency=USD currencyDisplay=narrowSymbol}	float 1.5	"$1.50"	
cy	{$n :currency currency=USD currencyDisplay=narrowSymbol}	decimal 1234.5	"$1,234.50"	
cy	{$n :currency currency=USD currencyDisplay=narrowSymbol}	decimal -1234567.891	"-$1,234,567.89"	
cy	{$n :currency currency=USD currencySign=accounting}	int 0	"US$0.00"	
cy	{$n :currency currency=USD currencySign=accounting}	int 1	"US$1.00"	
cy	{$n :currency currency=USD currencySign=accounting}	int -1	"(US$1.00)"	
cy	{$n :currency currency=USD currencySign=accounting}	int 2	"US$2.00"	
cy	{$n :currency currency=USD currencySign=accounting}	int 5	"US$5.00"	
cy	{$n :currency currency=USD currencySign=accounting}	int 21	"US$21.00"	
cy	{$n :currency currency=USD currencySign=accounting}	float 1.5	"US$1.50"	
cy	{$n :currency currency=USD currencySign=accounting}	decimal 1234.5	"US$1,234.50"	
cy	{$n :currency currency=USD currencySign=accounting}	decimal -1234567.891	"(US$1,234,567.89)"	
cy	{$n :currency currency=EUR currencyDisplay=never}	int 0	"0.00"	
cy	{$n :currency currency=EUR currencyDisplay=never}	int 1	"1.00"	
cy	{$n :currency currency=EUR currencyDisplay=never}	int -1	"-1.00"	
cy	{$n :currency currency=EUR currencyDisplay=never}	int 2	"2.00"	
cy	{$n :currency currency=EUR currencyDisplay=never}	int 5	"5.00"	
cy	{$n :currency currency=EUR currencyDisplay=never}	int 21	"21.00"	
cy	{$n :currency currency=EUR currencyDisplay=never}	float 1.5	"1.50"	
cy	{$n :currency currency=EUR currencyDisplay=never}	decimal 1234.5	"1,234.50"	
cy	{$n :currency currency=EUR currencyDisplay=never}	decimal -1234567.891	"-1,234,567.89"	
cy	{$n :currency currency=EUR fractionDigits=0}	int 0	"€0"	
cy	{$n :currency currency=EUR fractionDigits=0}	int 1	"€1"	
cy	{$n :currency currency=EUR fractionDigits=0}	int -1	"-€1"	
cy	{$n :currency currency=EUR fractionDigits=0}	int 2	"€2"	
cy	{$n :currency currency=EUR fractionDigits=0}	int 5	"€5"	
cy	{$n :currency currency=EUR fractionDigits=0}	int 21	"€21"	
cy	{$n :currency currency=EUR fractionDigits=0}	float 1.5	"€2"	
cy	{$n :currency currency=EUR fractionDigits=0}	decimal 1234.5	"€1,235"	
cy	{$n :currency currency=EUR fractionDigits=0}	decimal -1234567.891	"-€1,234,568"	
ar-EG	{$n :currency currency=EUR}	int 0	"\u200f٠٫٠٠\u00a0€"	
ar-EG	{$n :currency currency=EUR}	int 1	"\u200f١٫٠٠\u00a0€"	
ar-EG	{$n :currency currency=EUR}	int -1	"\u061c-\u200f١٫٠٠\u00a0€"	
ar-EG	{$n :currency currency=EUR}	int 2	"\u200f٢٫٠٠\u00a0€"	
ar-EG	{$n :currency currency=EUR}	int 5	"\u200f٥٫٠٠\u00a0€"	
ar-EG	{$n :currency currency=EUR}	int 21	"\u200f٢١٫٠٠\u00a0€"	
ar-EG	{$n :currency currency=EUR}	float 1.5	"\u200f١٫٥٠\u00a0€"	
ar-EG	{$n :currency currency=EUR}	decimal 1234.5	"\u200f١٬٢٣٤٫٥٠\u00a0€"	
ar-EG	{$n :currency currency=EUR}	decimal -1234567.891	"\u061c-\u200f١٬٢٣٤٬٥٦٧٫٨٩\u00a0€"	
ar-EG	{$n :currency currency=USD}	int 0	"\u200f٠٫٠٠\u00a0US$"	
ar-EG	{$n :currency currency=USD}	int 1	"\u200f١٫٠٠\u00a0US$"	
ar-EG	{$n :currency currency=USD}	int -1	"\u061c-\u200f١٫٠٠\u00a0US$"	
ar-EG	{$n :currency currency=USD}	int 2	"\u200f٢٫٠٠\u00a0US$"	
ar-EG	{$n :currency currency=USD}	int 5	"\u200f٥٫٠٠\u00a0US$"	
ar-EG	{$n :currency currency=USD}	int 21	"\u200f٢١٫٠٠\u00a0US$"	
ar-EG	{$n :currency currency=USD}	float 1.5	"\u200f١٫٥٠\u00a0US$"	
ar-EG	{$n :currency currency=USD}	decimal 1234.5	"\u200f١٬٢٣٤٫٥٠\u00a0US$"	
ar-EG	{$n :currency currency=USD}	decimal -1234567.891	"\u061c-\u200f١٬٢٣٤٬٥٦٧٫٨٩\u00a0US$"	
ar-EG	{$n :currency currency=JPY}	int 0	"\u200f٠\u00a0JP¥"	
ar-EG	{$n :currency currency=JPY}	int 1	"\u200f١\u00a0JP¥"	
ar-EG	{$n :currency currency=JPY}	int -1	"\u061c-\u200f١\u00a0JP¥"	
ar-EG	{$n :currency currency=JPY}	int 2	"\u200f٢\u00a0JP¥"	
ar-EG	{$n :currency currency=JPY}	int 5	"\u200f٥\u00a0JP¥"	
ar-EG	{$n :currency currency=JPY}	int 21	"\u200f٢١\u00a0JP¥"	
ar-EG	{$n :currency currency=JPY}	float 1.5	"\u200f٢\u00a0JP¥"	
ar-EG	{$n :currency currency=JPY}	decimal 1234.5	"\u200f١٬٢٣٥\u00a0JP¥"	
ar-EG	{$n :currency currency=JPY}	decimal -1234567.891	"\u061c-\u200f١٬٢٣٤٬٥٦٨\u00a0JP¥"	
ar-EG	{$n :currency currency=CHF}	int 0	"\u200f٠٫٠٠\u00a0CHF"	
ar-EG	{$n :currency currency=CHF}	int 1	"\u200f١٫٠٠\u00a0CHF"	
ar-EG	{$n :currency currency=CHF}	int -1	"\u061c-\u200f١٫٠٠\u00a0CHF"	
ar-EG	{$n :currency currency=CHF}	int 2	"\u200f٢٫٠٠\u00a0CHF"	
ar-EG	{$n :currency currency=CHF}	int 5	"\u200f٥٫٠٠\u00a0CHF"	
ar-EG	{$n :currency currency=CHF}	int 21	"\u200f٢١٫٠٠\u00a0CHF"	
ar-EG	{$n :currency currency=CHF}	float 1.5	"\u200f١٫٥٠\u00a0CHF"	
ar-EG	{$n :currency currency=CHF}	decimal 1234.5	"\u200f١٬٢٣٤٫٥٠\u00a0CHF"	
ar-EG	{$n :currency currency=CHF}	decimal -1234567.891	"\u061c-\u200f١٬٢٣٤٬٥٦٧٫٨٩\u00a0CHF"	
ar-EG	{$n :currency currency=EUR currencyDisplay=code}	int 0	"\u200f٠٫٠٠\u00a0EUR"	
ar-EG	{$n :currency currency=EUR currencyDisplay=code}	int 1	"\u200f١٫٠٠\u00a0EUR"	
ar-EG	{$n :currency currency=EUR currencyDisplay=code}	int -1	"\u061c-\u200f١٫٠٠\u00a0EUR"	
ar-EG	{$n :currency currency=EUR currencyDisplay=code}	int 2	"\u200f٢٫٠٠\u00a0EUR"	
ar-EG	{$n :currency currency=EUR currencyDisplay=code}	int 5	"\u200f٥٫٠٠\u00a0EUR"	
ar-EG	{$n :currency currency=EUR currencyDisplay=code}	int 21	"\u200f٢١٫٠٠\u00a0EUR"	
ar-EG	{$n :currency currency=EUR currencyDisplay=code}	float 1.5	"\u200f١٫٥٠\u00a0EUR"	
ar-EG	{$n :currency currency=EUR currencyDisplay=code}	decimal 1234.5	"\u200f١٬٢٣٤٫٥٠\u00a0EUR"	
ar-EG	{$n :currency currency=EUR currencyDisplay=code}	decimal -1234567.891	"\u061c-\u200f١٬٢٣٤٬٥٦٧٫٨٩\u00a0EUR"	
ar-EG	{$n :currency currency=EUR currencyDisplay=name}	int 0	"٠٫٠٠ يورو"	
ar-EG	{$n :currency currency=EUR currencyDisplay=name}	int 1	"١٫٠٠ يورو"	
ar-EG	{$n :currency currency=EUR currencyDisplay=name}	int -1	"\u061c-١٫٠٠ يورو"	
ar-EG	{$n :currency currency=EUR currencyDisplay=name}	int 2	"٢٫٠٠ يورو"	
ar-EG	{$n :currency currency=EUR currencyDisplay=name}	int 5	"٥٫٠٠ يورو"	
ar-EG	{$n :currency currency=EUR currencyDisplay=name}	int 21	"٢١٫٠٠ يورو"	
ar-EG	{$n :currency currency=EUR currencyDisplay=name}	float 1.5	"١٫٥٠ يورو"	
ar-EG	{$n :currency currency=EUR currencyDisplay=name}	decimal 1234.5	"١٬٢٣٤٫٥٠ يورو"	
ar-EG	{$n :currency currency=EUR currencyDisplay=name}	decimal -1234567.891	"\u061c-١٬٢٣٤٬٥٦٧٫٨٩ يورو"	
ar-EG	{$n :currency currency=USD currencyDisplay=narrowSymbol}	int 0	"\u200f٠٫٠٠\u00a0US$"	
ar-EG	{$n :currency currency=USD currencyDisplay=narrowSymbol}	int 1	"\u200f١٫٠٠\u00a0US$"	
ar-EG	{$n :currency currency=USD currencyDisplay=narrowSymbol}	int -1	"\u061c-\u200f١٫٠٠\u00a0US$"	
ar-EG	{$n :currency currency=USD currencyDisplay=narrowSymbol}	int 2	"\u200f٢٫٠٠\u00a0US$"	
ar-EG	{$n :currency currency=USD currencyDisplay=narrowSymbol}	int 5	"\u200f٥٫٠٠\u00a0US$"	
ar-EG	{$n :currency currency=USD currencyDisplay=narrowSymbol}	int 21	"\u200f٢١٫٠٠\u00a0US$"	
ar-EG	{$n :currency currency=USD currencyDisplay=narrowSymbol}	float 1.5	"\u200f١٫٥٠\u00a0US$"	
ar-EG	{$n :currency currency=USD currencyDisplay=narrowSymbol}	decimal 1234.5	"\u200f١٬٢٣٤٫٥٠\u00a0US$"	
ar-EG	{$n :currency currency=USD currencyDisplay=narrowSymbol}	decimal -1234567.891	"\u061c-\u200f١٬٢٣٤٬٥٦٧٫٨٩\u00a0US$"	
ar-EG	{$n :currency currency=USD currencySign=accounting}	int 0	"\u200f٠٫٠٠\u00a0US$"	
ar-EG	{$n :currency currency=USD currencySign=accounting}	int 1	"\u200f١٫٠٠\u00a0US$"	
ar-EG	{$n :currency currency=USD currencySign=accounting}	int -1	"\u061c-\u200f١٫٠٠\u00a0US$"	
ar-EG	{$n :currency currency=USD currencySign=accounting}	int 2	"\u200f٢٫٠٠\u00a0US$"	
ar-EG	{$n :currency currency=USD currencySign=accounting}	int 5	"\u200f٥٫٠٠\u00a0US$"	
ar-EG	{$n :currency currency=USD currencySign=accounting}	int 21	"\u200f٢١٫٠٠\u00a0US$"	
ar-EG	{$n :currency currency=USD currencySign=accounting}	float 1.5	"\u200f١٫٥٠\u00a0US$"	
ar-EG	{$n :currency currency=USD currencySign=accounting}	decimal 1234.5	"\u200f١٬٢٣٤٫٥٠\u00a0US$"	
ar-EG	{$n :currency currency=USD currencySign=accounting}	decimal -1234567.891	"\u061c-\u200f١٬٢٣٤٬٥٦٧٫٨٩\u00a0US$"	
ar-EG	{$n :currency currency=EUR currencyDisplay=never}	int 0	"٠٫٠٠"	
ar-EG	{$n :currency currency=EUR currencyDisplay=never}	int 1	"١٫٠٠"	
ar-EG	{$n :currency currency=EUR currencyDisplay=never}	int -1	"\u061c-١٫٠٠"	
ar-EG	{$n :currency currency=EUR currencyDisplay=never}	int 2	"٢٫٠٠"	
ar-EG	{$n :currency currency=EUR currencyDisplay=never}	int 5	"٥٫٠٠"	
ar-EG	{$n :currency currency=EUR currencyDisplay=never}	int 21	"٢١٫٠٠"	
ar-EG	{$n :currency currency=EUR currencyDisplay=never}	float 1.5	"١٫٥٠"	
ar-EG	{$n :currency currency=EUR currencyDisplay=never}	decimal 1234.5	"١٬٢٣٤٫٥٠"	
ar-EG	{$n :currency currency=EUR currencyDisplay=never}	decimal -1234567.891	"\u061c-١٬٢٣٤٬٥٦٧٫٨٩"	
ar-EG	{$n :currency currency=EUR fractionDigits=0}	int 0	"\u200f٠\u00a0€"	
ar-EG	{$n :currency currency=EUR fractionDigits=0}	int 1	"\u200f١\u00a0€"	
ar-EG	{$n :currency currency=EUR fractionDigits=0}	int -1	"\u061c-\u200f١\u00a0€"	
ar-EG	{$n :currency currency=EUR fractionDigits=0}	int 2	"\u200f٢\u00a0€"	
ar-EG	{$n :currency currency=EUR fractionDigits=0}	int 5	"\u200f٥\u00a0€"	
ar-EG	{$n :currency currency=EUR fractionDigits=0}	int 21	"\u200f٢١\u00a0€"	
ar-EG	{$n :currency currency=EUR fractionDigits=0}	float 1.5	"\u200f٢\u00a0€"	
ar-EG	{$n :currency currency=EUR fractionDigits=0}	decimal 1234.5	"\u200f١٬٢٣٥\u00a0€"	
ar-EG	{$n :currency currency=EUR fractionDigits=0}	decimal -1234567.891	"\u061c-\u200f١٬٢٣٤٬٥٦٨\u00a0€"	
hi-u-nu-deva	{$n :currency currency=EUR}	int 0	"€०.००"	
hi-u-nu-deva	{$n :currency currency=EUR}	int 1	"€१.००"	
hi-u-nu-deva	{$n :currency currency=EUR}	int -1	"-€१.००"	
hi-u-nu-deva	{$n :currency currency=EUR}	int 2	"€२.००"	
hi-u-nu-deva	{$n :currency currency=EUR}	int 5	"€५.००"	
hi-u-nu-deva	{$n :currency currency=EUR}	int 21	"€२१.००"	
hi-u-nu-deva	{$n :currency currency=EUR}	float 1.5	"€१.५०"	
hi-u-nu-deva	{$n :currency currency=EUR}	decimal 1234.5	"€१,२३४.५०"	
hi-u-nu-deva	{$n :currency currency=EUR}	decimal -1234567.891	"-€१२,३४,५६७.८९"	
hi-u-nu-deva	{$n :currency currency=USD}	int 0	"$०.००"	
hi-u-nu-deva	{$n :currency currency=USD}	int 1	"$१.००"	
hi-u-nu-deva	{$n :currency currency=USD}	int -1	"-$१.००"	
hi-u-nu-deva	{$n :currency currency=USD}	int 2	"$२.००"	
hi-u-nu-deva	{$n :currency currency=USD}	int 5	"$५.००"	
hi-u-nu-deva	{$n :currency currency=USD}	int 21	"$२१.००"	
hi-u-nu-deva	{$n :currency currency=USD}	float 1.5	"$१.५०"	
hi-u-nu-deva	{$n :currency currency=USD}	decimal 1234.5	"$१,२३४.५०"	
hi-u-nu-deva	{$n :currency currency=USD}	decimal -1234567.891	"-$१२,३४,५६७.८९"	
hi-u-nu-deva	{$n :currency currency=JPY}	int 0	"JP¥०"	
hi-u-nu-deva	{$n :currency currency=JPY}	int 1	"JP¥१"	
hi-u-nu-deva	{$n :currency currency=JPY}	int -1	"-JP¥१"	
hi-u-nu-deva	{$n :currency currency=JPY}	int 2	"JP¥२"	
hi-u-nu-deva	{$n :currency currency=JPY}	int 5	"JP¥५"	
hi-u-nu-deva	{$n :currency currency=JPY}	int 21	"JP¥२१"	
hi-u-nu-deva	{$n :currency currency=JPY}	float 1.5	"JP¥२"	
hi-u-nu-deva	{$n :currency currency=JPY}	decimal 1234.5	"JP¥१,२३५"	
hi-u-nu-deva	{$n :currency currency=JPY}	decimal -1234567.891	"-JP¥१२,३४,५६८"	
hi-u-nu-deva	{$n :currency currency=CHF}	int 0	"CHF\u00a0०.००"	
hi-u-nu-deva	{$n :currency currency=CHF}	int 1	"CHF\u00a0१.००"	
hi-u-nu-deva	{$n :currency currency=CHF}	int -1	"-CHF\u00a0१.००"	
hi-u-nu-deva	{$n :currency currency=CHF}	int 2	"CHF\u00a0२.००"	
hi-u-nu-deva	{$n :currency currency=CHF}	int 5	"CHF\u00a0५.००"	
hi-u-nu-deva	{$n :currency currency=CHF}	int 21	"CHF\u00a0२१.००"	
hi-u-nu-deva	{$n :currency currency=CHF}	float 1.5	"CHF\u00a0१.५०"	
hi-u-nu-deva	{$n :currency currency=CHF}	decimal 1234.5	"CHF\u00a0१,२३४.५०"	
hi-u-nu-deva	{$n :currency currency=CHF}	decimal -1234567.891	"-CHF\u00a0१२,३४,५६७.८९"	
hi-u-nu-deva	{$n :currency currency=EUR currencyDisplay=code}	int 0	"EUR\u00a0०.००"	
hi-u-nu-deva	{$n :currency currency=EUR currencyDisplay=code}	int 1	"EUR\u00a0१.००"	
hi-u-nu-deva	{$n :currency currency=EUR currencyDisplay=code}	int -1	"-EUR\u00a0१.००"	
hi-u-nu-deva	{$n :currency currency=EUR currencyDisplay=code}	int 2	"EUR\u00a0२.००"	
hi-u-nu-deva	{$n :currency currency=EUR currencyDisplay=code}	int 5	"EUR\u00a0५.००"	
hi-u-nu-deva	{$n :currency currency=EUR currencyDisplay=code}	int 21	"EUR\u00a0२१.००"	
hi-u-nu-deva	{$n :currency currency=EUR currencyDisplay=code}	float 1.5	"EUR\u00a0१.५०"	
hi-u-nu-deva	{$n :currency currency=EUR currencyDisplay=code}	decimal 1234.5	"EUR\u00a0१,२३४.५०"	
hi-u-nu-deva	{$n :currency currency=EUR currencyDisplay=code}	decimal -1234567.891	"-EUR\u00a0१२,३४,५६७.८९"	
hi-u-nu-deva	{$n :currency currency=EUR currencyDisplay=name}	int 0	"०.०० यूरो"	
hi-u-nu-deva	{$n :currency currency=EUR currencyDisplay=name}	int 1	"१.०० यूरो"	
hi-u-nu-deva	{$n :currency currency=EUR currencyDisplay=name}	int -1	"-१.०० यूरो"	
hi-u-nu-deva	{$n :currency currency=EUR currencyDisplay=name}	int 2	"२.०० यूरो"	
hi-u-nu-deva	{$n :currency currency=EUR currencyDisplay=name}	int 5	"५.०० यूरो"	
hi-u-nu-deva	{$n :currency currency=EUR currencyDisplay=name}	int 21	"२१.०० यूरो"	
hi-u-nu-deva	{$n :currency currency=EUR currencyDisplay=name}	float 1.5	"१.५० यूरो"	
hi-u-nu-deva	{$n :currency currency=EUR currencyDisplay=name}	decimal 1234.5	"१,२३४.५० यूरो"	
hi-u-nu-deva	{$n :currency currency=EUR currencyDisplay=name}	decimal -1234567.891	"-१२,३४,५६७.८९ यूरो"	
hi-u-nu-deva	{$n :currency currency=USD currencyDisplay=narrowSymbol}	int 0	"$०.००"	
hi-u-nu-deva	{$n :currency currency=USD currencyDisplay=narrowSymbol}	int 1	"$१.००"	
hi-u-nu-deva	{$n :currency currency=USD currencyDisplay=narrowSymbol}	int -1	"-$१.००"	
hi-u-nu-deva	{$n :currency currency=USD currencyDisplay=narrowSymbol}	int 2	"$२.००"	
hi-u-nu-deva	{$n :currency currency=USD currencyDisplay=narrowSymbol}	int 5	"$५.००"	
hi-u-nu-deva	{$n :currency currency=USD currencyDisplay=narrowSymbol}	int 21	"$२१.००"	
hi-u-nu-deva	{$n :currency currency=USD currencyDisplay=narrowSymbol}	float 1.5	"$१.५०"	
hi-u-nu-deva	{$n :currency currency=USD currencyDisplay=narrowSymbol}	decimal 1234.5	"$१,२३४.५०"	
hi-u-nu-deva	{$n :currency currency=USD currencyDisplay=narrowSymbol}	decimal -1234567.891	"-$१२,३४,५६७.८९"	
hi-u-nu-deva	{$n :currency currency=USD currencySign=accounting}	int 0	"$०.००"	
hi-u-nu-deva	{$n :currency currency=USD currencySign=accounting}	int 1	"$१.००"	
hi-u-nu-deva	{$n :currency currency=USD currencySign=accounting}	int -1	"-$१.००"	
hi-u-nu-deva	{$n :currency currency=USD currencySign=accounting}	int 2	"$२.००"	
hi-u-nu-deva	{$n :currency currency=USD currencySign=accounting}	int 5	"$५.००"	
hi-u-nu-deva	{$n :currency currency=USD currencySign=accounting}	int 21	"$२१.००"	
hi-u-nu-deva	{$n :currency currency=USD currencySign=accounting}	float 1.5	"$१.५०"	
hi-u-nu-deva	{$n :currency currency=USD currencySign=accounting}	decimal 1234.5	"$१,२३४.५०"	
hi-u-nu-deva	{$n :currency currency=USD currencySign=accounting}	decimal -1234567.891	"-$१२,३४,५६७.८९"	
hi-u-nu-deva	{$n :currency currency=EUR currencyDisplay=never}	int 0	"०.००"	
hi-u-nu-deva	{$n :currency currency=EUR currencyDisplay=never}	int 1	"१.००"	
hi-u-nu-deva	{$n :currency currency=EUR currencyDisplay=never}	int -1	"-१.००"	
hi-u-nu-deva	{$n :currency currency=EUR currencyDisplay=never}	int 2	"२.००"	
hi-u-nu-deva	{$n :currency currency=EUR currencyDisplay=never}	int 5	"५.००"	
hi-u-nu-deva	{$n :currency currency=EUR currencyDisplay=never}	int 21	"२१.००"	
hi-u-nu-deva	{$n :currency currency=EUR currencyDisplay=never}	float 1.5	"१.५०"	
hi-u-nu-deva	{$n :currency currency=EUR currencyDisplay=never}	decimal 1234.5	"१,२३४.५०"	
hi-u-nu-deva	{$n :currency currency=EUR currencyDisplay=never}	decimal -1234567.891	"-१२,३४,५६७.८९"	
hi-u-nu-deva	{$n :currency currency=EUR fractionDigits=0}	int 0	"€०"	
hi-u-nu-deva	{$n :currency currency=EUR fractionDigits=0}	int 1	"€१"	
hi-u-nu-deva	{$n :currency currency=EUR fractionDigits=0}	int -1	"-€१"	
hi-u-nu-deva	{$n :currency currency=EUR fractionDigits=0}	int 2	"€२"	
hi-u-nu-deva	{$n :currency currency=EUR fractionDigits=0}	int 5	"€५"	
hi-u-nu-deva	{$n :currency currency=EUR fractionDigits=0}	int 21	"€२१"	
hi-u-nu-deva	{$n :currency currency=EUR fractionDigits=0}	float 1.5	"€२"	
hi-u-nu-deva	{$n :currency currency=EUR fractionDigits=0}	decimal 1234.5	"€१,२३५"	
hi-u-nu-deva	{$n :currency currency=EUR fractionDigits=0}	decimal -1234567.891	"-€१२,३४,५६८"	
