# rust-mf2 locale-output goldens: units — the unit family (numbers by mf2's own code): short, narrow and long patterns by the formatted number's plural category, compound units, one composed X-per-Y.
# Generated by `cargo xtask goldens` (conformance/src/goldens.rs); reviewed, committed, checked by tests/goldens.rs and on wasm32-wasip1 by `cargo xtask wasi-matches-native`.
# CLDR 48.2.1. Line: locale \t message \t argument \t output (JSON) \t errors
en	{$n :unit unit=meter}	int 0	"0 m"	
en	{$n :unit unit=meter}	int 1	"1 m"	
en	{$n :unit unit=meter}	int -1	"-1 m"	
en	{$n :unit unit=meter}	int 2	"2 m"	
en	{$n :unit unit=meter}	int 5	"5 m"	
en	{$n :unit unit=meter}	int 21	"21 m"	
en	{$n :unit unit=meter}	float 1.5	"1.5 m"	
en	{$n :unit unit=meter}	decimal 1234.5	"1,234.5 m"	
en	{$n :unit unit=meter}	decimal -1234567.891	"-1,234,567.891 m"	
en	{$n :unit unit=meter unitDisplay=long}	int 0	"0 meters"	
en	{$n :unit unit=meter unitDisplay=long}	int 1	"1 meter"	
en	{$n :unit unit=meter unitDisplay=long}	int -1	"-1 meter"	
en	{$n :unit unit=meter unitDisplay=long}	int 2	"2 meters"	
en	{$n :unit unit=meter unitDisplay=long}	int 5	"5 meters"	
en	{$n :unit unit=meter unitDisplay=long}	int 21	"21 meters"	
en	{$n :unit unit=meter unitDisplay=long}	float 1.5	"1.5 meters"	
en	{$n :unit unit=meter unitDisplay=long}	decimal 1234.5	"1,234.5 meters"	
en	{$n :unit unit=meter unitDisplay=long}	decimal -1234567.891	"-1,234,567.891 meters"	
en	{$n :unit unit=meter unitDisplay=narrow}	int 0	"0m"	
en	{$n :unit unit=meter unitDisplay=narrow}	int 1	"1m"	
en	{$n :unit unit=meter unitDisplay=narrow}	int -1	"-1m"	
en	{$n :unit unit=meter unitDisplay=narrow}	int 2	"2m"	
en	{$n :unit unit=meter unitDisplay=narrow}	int 5	"5m"	
en	{$n :unit unit=meter unitDisplay=narrow}	int 21	"21m"	
en	{$n :unit unit=meter unitDisplay=narrow}	float 1.5	"1.5m"	
en	{$n :unit unit=meter unitDisplay=narrow}	decimal 1234.5	"1,234.5m"	
en	{$n :unit unit=meter unitDisplay=narrow}	decimal -1234567.891	"-1,234,567.891m"	
en	{$n :unit unit=kilometer-per-hour}	int 0	"0 km/h"	
en	{$n :unit unit=kilometer-per-hour}	int 1	"1 km/h"	
en	{$n :unit unit=kilometer-per-hour}	int -1	"-1 km/h"	
en	{$n :unit unit=kilometer-per-hour}	int 2	"2 km/h"	
en	{$n :unit unit=kilometer-per-hour}	int 5	"5 km/h"	
en	{$n :unit unit=kilometer-per-hour}	int 21	"21 km/h"	
en	{$n :unit unit=kilometer-per-hour}	float 1.5	"1.5 km/h"	
en	{$n :unit unit=kilometer-per-hour}	decimal 1234.5	"1,234.5 km/h"	
en	{$n :unit unit=kilometer-per-hour}	decimal -1234567.891	"-1,234,567.891 km/h"	
en	{$n :unit unit=kilometer-per-hour unitDisplay=long}	int 0	"0 kilometers per hour"	
en	{$n :unit unit=kilometer-per-hour unitDisplay=long}	int 1	"1 kilometer per hour"	
en	{$n :unit unit=kilometer-per-hour unitDisplay=long}	int -1	"-1 kilometer per hour"	
en	{$n :unit unit=kilometer-per-hour unitDisplay=long}	int 2	"2 kilometers per hour"	
en	{$n :unit unit=kilometer-per-hour unitDisplay=long}	int 5	"5 kilometers per hour"	
en	{$n :unit unit=kilometer-per-hour unitDisplay=long}	int 21	"21 kilometers per hour"	
en	{$n :unit unit=kilometer-per-hour unitDisplay=long}	float 1.5	"1.5 kilometers per hour"	
en	{$n :unit unit=kilometer-per-hour unitDisplay=long}	decimal 1234.5	"1,234.5 kilometers per hour"	
en	{$n :unit unit=kilometer-per-hour unitDisplay=long}	decimal -1234567.891	"-1,234,567.891 kilometers per hour"	
en	{$n :unit unit=celsius}	int 0	"0°C"	
en	{$n :unit unit=celsius}	int 1	"1°C"	
en	{$n :unit unit=celsius}	int -1	"-1°C"	
en	{$n :unit unit=celsius}	int 2	"2°C"	
en	{$n :unit unit=celsius}	int 5	"5°C"	
en	{$n :unit unit=celsius}	int 21	"21°C"	
en	{$n :unit unit=celsius}	float 1.5	"1.5°C"	
en	{$n :unit unit=celsius}	decimal 1234.5	"1,234.5°C"	
en	{$n :unit unit=celsius}	decimal -1234567.891	"-1,234,567.891°C"	
en	{$n :unit unit=kilogram unitDisplay=long}	int 0	"0 kilograms"	
en	{$n :unit unit=kilogram unitDisplay=long}	int 1	"1 kilogram"	
en	{$n :unit unit=kilogram unitDisplay=long}	int -1	"-1 kilogram"	
en	{$n :unit unit=kilogram unitDisplay=long}	int 2	"2 kilograms"	
en	{$n :unit unit=kilogram unitDisplay=long}	int 5	"5 kilograms"	
en	{$n :unit unit=kilogram unitDisplay=long}	int 21	"21 kilograms"	
en	{$n :unit unit=kilogram unitDisplay=long}	float 1.5	"1.5 kilograms"	
en	{$n :unit unit=kilogram unitDisplay=long}	decimal 1234.5	"1,234.5 kilograms"	
en	{$n :unit unit=kilogram unitDisplay=long}	decimal -1234567.891	"-1,234,567.891 kilograms"	
en	{$n :unit unit=liter-per-kilometer}	int 0	"0 L/km"	
en	{$n :unit unit=liter-per-kilometer}	int 1	"1 L/km"	
en	{$n :unit unit=liter-per-kilometer}	int -1	"-1 L/km"	
en	{$n :unit unit=liter-per-kilometer}	int 2	"2 L/km"	
en	{$n :unit unit=liter-per-kilometer}	int 5	"5 L/km"	
en	{$n :unit unit=liter-per-kilometer}	int 21	"21 L/km"	
en	{$n :unit unit=liter-per-kilometer}	float 1.5	"1.5 L/km"	
en	{$n :unit unit=liter-per-kilometer}	decimal 1234.5	"1,234.5 L/km"	
en	{$n :unit unit=liter-per-kilometer}	decimal -1234567.891	"-1,234,567.891 L/km"	
en	{$n :unit unit=hour unitDisplay=long}	int 0	"0 hours"	
en	{$n :unit unit=hour unitDisplay=long}	int 1	"1 hour"	
en	{$n :unit unit=hour unitDisplay=long}	int -1	"-1 hour"	
en	{$n :unit unit=hour unitDisplay=long}	int 2	"2 hours"	
en	{$n :unit unit=hour unitDisplay=long}	int 5	"5 hours"	
en	{$n :unit unit=hour unitDisplay=long}	int 21	"21 hours"	
en	{$n :unit unit=hour unitDisplay=long}	float 1.5	"1.5 hours"	
en	{$n :unit unit=hour unitDisplay=long}	decimal 1234.5	"1,234.5 hours"	
en	{$n :unit unit=hour unitDisplay=long}	decimal -1234567.891	"-1,234,567.891 hours"	
es	{$n :unit unit=meter}	int 0	"0 m"	
es	{$n :unit unit=meter}	int 1	"1 m"	
es	{$n :unit unit=meter}	int -1	"-1 m"	
es	{$n :unit unit=meter}	int 2	"2 m"	
es	{$n :unit unit=meter}	int 5	"5 m"	
es	{$n :unit unit=meter}	int 21	"21 m"	
es	{$n :unit unit=meter}	float 1.5	"1,5 m"	
es	{$n :unit unit=meter}	decimal 1234.5	"1234,5 m"	
es	{$n :unit unit=meter}	decimal -1234567.891	"-1.234.567,891 m"	
es	{$n :unit unit=meter unitDisplay=long}	int 0	"0 metros"	
es	{$n :unit unit=meter unitDisplay=long}	int 1	"1 metro"	
es	{$n :unit unit=meter unitDisplay=long}	int -1	"-1 metro"	
es	{$n :unit unit=meter unitDisplay=long}	int 2	"2 metros"	
es	{$n :unit unit=meter unitDisplay=long}	int 5	"5 metros"	
es	{$n :unit unit=meter unitDisplay=long}	int 21	"21 metros"	
es	{$n :unit unit=meter unitDisplay=long}	float 1.5	"1,5 metros"	
es	{$n :unit unit=meter unitDisplay=long}	decimal 1234.5	"1234,5 metros"	
es	{$n :unit unit=meter unitDisplay=long}	decimal -1234567.891	"-1.234.567,891 metros"	
es	{$n :unit unit=meter unitDisplay=narrow}	int 0	"0m"	
es	{$n :unit unit=meter unitDisplay=narrow}	int 1	"1m"	
es	{$n :unit unit=meter unitDisplay=narrow}	int -1	"-1m"	
es	{$n :unit unit=meter unitDisplay=narrow}	int 2	"2m"	
es	{$n :unit unit=meter unitDisplay=narrow}	int 5	"5m"	
es	{$n :unit unit=meter unitDisplay=narrow}	int 21	"21m"	
es	{$n :unit unit=meter unitDisplay=narrow}	float 1.5	"1,5m"	
es	{$n :unit unit=meter unitDisplay=narrow}	decimal 1234.5	"1234,5m"	
es	{$n :unit unit=meter unitDisplay=narrow}	decimal -1234567.891	"-1.234.567,891m"	
es	{$n :unit unit=kilometer-per-hour}	int 0	"0 km/h"	
es	{$n :unit unit=kilometer-per-hour}	int 1	"1 km/h"	
es	{$n :unit unit=kilometer-per-hour}	int -1	"-1 km/h"	
es	{$n :unit unit=kilometer-per-hour}	int 2	"2 km/h"	
es	{$n :unit unit=kilometer-per-hour}	int 5	"5 km/h"	
es	{$n :unit unit=kilometer-per-hour}	int 21	"21 km/h"	
es	{$n :unit unit=kilometer-per-hour}	float 1.5	"1,5 km/h"	
es	{$n :unit unit=kilometer-per-hour}	decimal 1234.5	"1234,5 km/h"	
es	{$n :unit unit=kilometer-per-hour}	decimal -1234567.891	"-1.234.567,891 km/h"	
es	{$n :unit unit=kilometer-per-hour unitDisplay=long}	int 0	"0 kilómetros por hora"	
es	{$n :unit unit=kilometer-per-hour unitDisplay=long}	int 1	"1 kilómetro por hora"	
es	{$n :unit unit=kilometer-per-hour unitDisplay=long}	int -1	"-1 kilómetro por hora"	
es	{$n :unit unit=kilometer-per-hour unitDisplay=long}	int 2	"2 kilómetros por hora"	
es	{$n :unit unit=kilometer-per-hour unitDisplay=long}	int 5	"5 kilómetros por hora"	
es	{$n :unit unit=kilometer-per-hour unitDisplay=long}	int 21	"21 kilómetros por hora"	
es	{$n :unit unit=kilometer-per-hour unitDisplay=long}	float 1.5	"1,5 kilómetros por hora"	
es	{$n :unit unit=kilometer-per-hour unitDisplay=long}	decimal 1234.5	"1234,5 kilómetros por hora"	
es	{$n :unit unit=kilometer-per-hour unitDisplay=long}	decimal -1234567.891	"-1.234.567,891 kilómetros por hora"	
es	{$n :unit unit=celsius}	int 0	"0 °C"	
es	{$n :unit unit=celsius}	int 1	"1 °C"	
es	{$n :unit unit=celsius}	int -1	"-1 °C"	
es	{$n :unit unit=celsius}	int 2	"2 °C"	
es	{$n :unit unit=celsius}	int 5	"5 °C"	
es	{$n :unit unit=celsius}	int 21	"21 °C"	
es	{$n :unit unit=celsius}	float 1.5	"1,5 °C"	
es	{$n :unit unit=celsius}	decimal 1234.5	"1234,5 °C"	
es	{$n :unit unit=celsius}	decimal -1234567.891	"-1.234.567,891 °C"	
es	{$n :unit unit=kilogram unitDisplay=long}	int 0	"0 kilogramos"	
es	{$n :unit unit=kilogram unitDisplay=long}	int 1	"1 kilogramo"	
es	{$n :unit unit=kilogram unitDisplay=long}	int -1	"-1 kilogramo"	
es	{$n :unit unit=kilogram unitDisplay=long}	int 2	"2 kilogramos"	
es	{$n :unit unit=kilogram unitDisplay=long}	int 5	"5 kilogramos"	
es	{$n :unit unit=kilogram unitDisplay=long}	int 21	"21 kilogramos"	
es	{$n :unit unit=kilogram unitDisplay=long}	float 1.5	"1,5 kilogramos"	
es	{$n :unit unit=kilogram unitDisplay=long}	decimal 1234.5	"1234,5 kilogramos"	
es	{$n :unit unit=kilogram unitDisplay=long}	decimal -1234567.891	"-1.234.567,891 kilogramos"	
es	{$n :unit unit=liter-per-kilometer}	int 0	"0 l/km"	
es	{$n :unit unit=liter-per-kilometer}	int 1	"1 l/km"	
es	{$n :unit unit=liter-per-kilometer}	int -1	"-1 l/km"	
es	{$n :unit unit=liter-per-kilometer}	int 2	"2 l/km"	
es	{$n :unit unit=liter-per-kilometer}	int 5	"5 l/km"	
es	{$n :unit unit=liter-per-kilometer}	int 21	"21 l/km"	
es	{$n :unit unit=liter-per-kilometer}	float 1.5	"1,5 l/km"	
es	{$n :unit unit=liter-per-kilometer}	decimal 1234.5	"1234,5 l/km"	
es	{$n :unit unit=liter-per-kilometer}	decimal -1234567.891	"-1.234.567,891 l/km"	
es	{$n :unit unit=hour unitDisplay=long}	int 0	"0 horas"	
es	{$n :unit unit=hour unitDisplay=long}	int 1	"1 hora"	
es	{$n :unit unit=hour unitDisplay=long}	int -1	"-1 hora"	
es	{$n :unit unit=hour unitDisplay=long}	int 2	"2 horas"	
es	{$n :unit unit=hour unitDisplay=long}	int 5	"5 horas"	
es	{$n :unit unit=hour unitDisplay=long}	int 21	"21 horas"	
es	{$n :unit unit=hour unitDisplay=long}	float 1.5	"1,5 horas"	
es	{$n :unit unit=hour unitDisplay=long}	decimal 1234.5	"1234,5 horas"	
es	{$n :unit unit=hour unitDisplay=long}	decimal -1234567.891	"-1.234.567,891 horas"	
de	{$n :unit unit=meter}	int 0	"0 m"	
de	{$n :unit unit=meter}	int 1	"1 m"	
de	{$n :unit unit=meter}	int -1	"-1 m"	
de	{$n :unit unit=meter}	int 2	"2 m"	
de	{$n :unit unit=meter}	int 5	"5 m"	
de	{$n :unit unit=meter}	int 21	"21 m"	
de	{$n :unit unit=meter}	float 1.5	"1,5 m"	
de	{$n :unit unit=meter}	decimal 1234.5	"1.234,5 m"	
de	{$n :unit unit=meter}	decimal -1234567.891	"-1.234.567,891 m"	
de	{$n :unit unit=meter unitDisplay=long}	int 0	"0 Meter"	
de	{$n :unit unit=meter unitDisplay=long}	int 1	"1 Meter"	
de	{$n :unit unit=meter unitDisplay=long}	int -1	"-1 Meter"	
de	{$n :unit unit=meter unitDisplay=long}	int 2	"2 Meter"	
de	{$n :unit unit=meter unitDisplay=long}	int 5	"5 Meter"	
de	{$n :unit unit=meter unitDisplay=long}	int 21	"21 Meter"	
de	{$n :unit unit=meter unitDisplay=long}	float 1.5	"1,5 Meter"	
de	{$n :unit unit=meter unitDisplay=long}	decimal 1234.5	"1.234,5 Meter"	
de	{$n :unit unit=meter unitDisplay=long}	decimal -1234567.891	"-1.234.567,891 Meter"	
de	{$n :unit unit=meter unitDisplay=narrow}	int 0	"0 m"	
de	{$n :unit unit=meter unitDisplay=narrow}	int 1	"1 m"	
de	{$n :unit unit=meter unitDisplay=narrow}	int -1	"-1 m"	
de	{$n :unit unit=meter unitDisplay=narrow}	int 2	"2 m"	
de	{$n :unit unit=meter unitDisplay=narrow}	int 5	"5 m"	
de	{$n :unit unit=meter unitDisplay=narrow}	int 21	"21 m"	
de	{$n :unit unit=meter unitDisplay=narrow}	float 1.5	"1,5 m"	
de	{$n :unit unit=meter unitDisplay=narrow}	decimal 1234.5	"1.234,5 m"	
de	{$n :unit unit=meter unitDisplay=narrow}	decimal -1234567.891	"-1.234.567,891 m"	
de	{$n :unit unit=kilometer-per-hour}	int 0	"0 km/h"	
de	{$n :unit unit=kilometer-per-hour}	int 1	"1 km/h"	
de	{$n :unit unit=kilometer-per-hour}	int -1	"-1 km/h"	
de	{$n :unit unit=kilometer-per-hour}	int 2	"2 km/h"	
de	{$n :unit unit=kilometer-per-hour}	int 5	"5 km/h"	
de	{$n :unit unit=kilometer-per-hour}	int 21	"21 km/h"	
de	{$n :unit unit=kilometer-per-hour}	float 1.5	"1,5 km/h"	
de	{$n :unit unit=kilometer-per-hour}	decimal 1234.5	"1.234,5 km/h"	
de	{$n :unit unit=kilometer-per-hour}	decimal -1234567.891	"-1.234.567,891 km/h"	
de	{$n :unit unit=kilometer-per-hour unitDisplay=long}	int 0	"0 Kilometer pro Stunde"	
de	{$n :unit unit=kilometer-per-hour unitDisplay=long}	int 1	"1 Kilometer pro Stunde"	
de	{$n :unit unit=kilometer-per-hour unitDisplay=long}	int -1	"-1 Kilometer pro Stunde"	
de	{$n :unit unit=kilometer-per-hour unitDisplay=long}	int 2	"2 Kilometer pro Stunde"	
de	{$n :unit unit=kilometer-per-hour unitDisplay=long}	int 5	"5 Kilometer pro Stunde"	
de	{$n :unit unit=kilometer-per-hour unitDisplay=long}	int 21	"21 Kilometer pro Stunde"	
de	{$n :unit unit=kilometer-per-hour unitDisplay=long}	float 1.5	"1,5 Kilometer pro Stunde"	
de	{$n :unit unit=kilometer-per-hour unitDisplay=long}	decimal 1234.5	"1.234,5 Kilometer pro Stunde"	
de	{$n :unit unit=kilometer-per-hour unitDisplay=long}	decimal -1234567.891	"-1.234.567,891 Kilometer pro Stunde"	
de	{$n :unit unit=celsius}	int 0	"0 °C"	
de	{$n :unit unit=celsius}	int 1	"1 °C"	
de	{$n :unit unit=celsius}	int -1	"-1 °C"	
de	{$n :unit unit=celsius}	int 2	"2 °C"	
de	{$n :unit unit=celsius}	int 5	"5 °C"	
de	{$n :unit unit=celsius}	int 21	"21 °C"	
de	{$n :unit unit=celsius}	float 1.5	"1,5 °C"	
de	{$n :unit unit=celsius}	decimal 1234.5	"1.234,5 °C"	
de	{$n :unit unit=celsius}	decimal -1234567.891	"-1.234.567,891 °C"	
de	{$n :unit unit=kilogram unitDisplay=long}	int 0	"0 Kilogramm"	
de	{$n :unit unit=kilogram unitDisplay=long}	int 1	"1 Kilogramm"	
de	{$n :unit unit=kilogram unitDisplay=long}	int -1	"-1 Kilogramm"	
de	{$n :unit unit=kilogram unitDisplay=long}	int 2	"2 Kilogramm"	
de	{$n :unit unit=kilogram unitDisplay=long}	int 5	"5 Kilogramm"	
de	{$n :unit unit=kilogram unitDisplay=long}	int 21	"21 Kilogramm"	
de	{$n :unit unit=kilogram unitDisplay=long}	float 1.5	"1,5 Kilogramm"	
de	{$n :unit unit=kilogram unitDisplay=long}	decimal 1234.5	"1.234,5 Kilogramm"	
de	{$n :unit unit=kilogram unitDisplay=long}	decimal -1234567.891	"-1.234.567,891 Kilogramm"	
de	{$n :unit unit=liter-per-kilometer}	int 0	"0\u00a0l/km"	
de	{$n :unit unit=liter-per-kilometer}	int 1	"1\u00a0l/km"	
de	{$n :unit unit=liter-per-kilometer}	int -1	"-1\u00a0l/km"	
de	{$n :unit unit=liter-per-kilometer}	int 2	"2\u00a0l/km"	
de	{$n :unit unit=liter-per-kilometer}	int 5	"5\u00a0l/km"	
de	{$n :unit unit=liter-per-kilometer}	int 21	"21\u00a0l/km"	
de	{$n :unit unit=liter-per-kilometer}	float 1.5	"1,5\u00a0l/km"	
de	{$n :unit unit=liter-per-kilometer}	decimal 1234.5	"1.234,5\u00a0l/km"	
de	{$n :unit unit=liter-per-kilometer}	decimal -1234567.891	"-1.234.567,891\u00a0l/km"	
de	{$n :unit unit=hour unitDisplay=long}	int 0	"0 Stunden"	
de	{$n :unit unit=hour unitDisplay=long}	int 1	"1 Stunde"	
de	{$n :unit unit=hour unitDisplay=long}	int -1	"-1 Stunde"	
de	{$n :unit unit=hour unitDisplay=long}	int 2	"2 Stunden"	
de	{$n :unit unit=hour unitDisplay=long}	int 5	"5 Stunden"	
de	{$n :unit unit=hour unitDisplay=long}	int 21	"21 Stunden"	
de	{$n :unit unit=hour unitDisplay=long}	float 1.5	"1,5 Stunden"	
de	{$n :unit unit=hour unitDisplay=long}	decimal 1234.5	"1.234,5 Stunden"	
de	{$n :unit unit=hour unitDisplay=long}	decimal -1234567.891	"-1.234.567,891 Stunden"	
fr	{$n :unit unit=meter}	int 0	"0\u202fm"	
fr	{$n :unit unit=meter}	int 1	"1\u202fm"	
fr	{$n :unit unit=meter}	int -1	"-1\u202fm"	
fr	{$n :unit unit=meter}	int 2	"2\u202fm"	
fr	{$n :unit unit=meter}	int 5	"5\u202fm"	
fr	{$n :unit unit=meter}	int 21	"21\u202fm"	
fr	{$n :unit unit=meter}	float 1.5	"1,5\u202fm"	
fr	{$n :unit unit=meter}	decimal 1234.5	"1\u202f234,5\u202fm"	
fr	{$n :unit unit=meter}	decimal -1234567.891	"-1\u202f234\u202f567,891\u202fm"	
fr	{$n :unit unit=meter unitDisplay=long}	int 0	"0\u00a0mètre"	
fr	{$n :unit unit=meter unitDisplay=long}	int 1	"1\u00a0mètre"	
fr	{$n :unit unit=meter unitDisplay=long}	int -1	"-1\u00a0mètre"	
fr	{$n :unit unit=meter unitDisplay=long}	int 2	"2\u00a0mètres"	
fr	{$n :unit unit=meter unitDisplay=long}	int 5	"5\u00a0mètres"	
fr	{$n :unit unit=meter unitDisplay=long}	int 21	"21\u00a0mètres"	
fr	{$n :unit unit=meter unitDisplay=long}	float 1.5	"1,5\u00a0mètre"	
fr	{$n :unit unit=meter unitDisplay=long}	decimal 1234.5	"1\u202f234,5\u00a0mètres"	
fr	{$n :unit unit=meter unitDisplay=long}	decimal -1234567.891	"-1\u202f234\u202f567,891\u00a0mètres"	
fr	{$n :unit unit=meter unitDisplay=narrow}	int 0	"0m"	
fr	{$n :unit unit=meter unitDisplay=narrow}	int 1	"1m"	
fr	{$n :unit unit=meter unitDisplay=narrow}	int -1	"-1m"	
fr	{$n :unit unit=meter unitDisplay=narrow}	int 2	"2m"	
fr	{$n :unit unit=meter unitDisplay=narrow}	int 5	"5m"	
fr	{$n :unit unit=meter unitDisplay=narrow}	int 21	"21m"	
fr	{$n :unit unit=meter unitDisplay=narrow}	float 1.5	"1,5m"	
fr	{$n :unit unit=meter unitDisplay=narrow}	decimal 1234.5	"1\u202f234,5m"	
fr	{$n :unit unit=meter unitDisplay=narrow}	decimal -1234567.891	"-1\u202f234\u202f567,891m"	
fr	{$n :unit unit=kilometer-per-hour}	int 0	"0\u202fkm/h"	
fr	{$n :unit unit=kilometer-per-hour}	int 1	"1\u202fkm/h"	
fr	{$n :unit unit=kilometer-per-hour}	int -1	"-1\u202fkm/h"	
fr	{$n :unit unit=kilometer-per-hour}	int 2	"2\u202fkm/h"	
fr	{$n :unit unit=kilometer-per-hour}	int 5	"5\u202fkm/h"	
fr	{$n :unit unit=kilometer-per-hour}	int 21	"21\u202fkm/h"	
fr	{$n :unit unit=kilometer-per-hour}	float 1.5	"1,5\u202fkm/h"	
fr	{$n :unit unit=kilometer-per-hour}	decimal 1234.5	"1\u202f234,5\u202fkm/h"	
fr	{$n :unit unit=kilometer-per-hour}	decimal -1234567.891	"-1\u202f234\u202f567,891\u202fkm/h"	
fr	{$n :unit unit=kilometer-per-hour unitDisplay=long}	int 0	"0\u00a0kilomètre par heure"	
fr	{$n :unit unit=kilometer-per-hour unitDisplay=long}	int 1	"1\u00a0kilomètre par heure"	
fr	{$n :unit unit=kilometer-per-hour unitDisplay=long}	int -1	"-1\u00a0kilomètre par heure"	
fr	{$n :unit unit=kilometer-per-hour unitDisplay=long}	int 2	"2\u00a0kilomètres par heure"	
fr	{$n :unit unit=kilometer-per-hour unitDisplay=long}	int 5	"5\u00a0kilomètres par heure"	
fr	{$n :unit unit=kilometer-per-hour unitDisplay=long}	int 21	"21\u00a0kilomètres par heure"	
fr	{$n :unit unit=kilometer-per-hour unitDisplay=long}	float 1.5	"1,5\u00a0kilomètre par heure"	
fr	{$n :unit unit=kilometer-per-hour unitDisplay=long}	decimal 1234.5	"1\u202f234,5\u00a0kilomètres par heure"	
fr	{$n :unit unit=kilometer-per-hour unitDisplay=long}	decimal -1234567.891	"-1\u202f234\u202f567,891\u00a0kilomètres par heure"	
fr	{$n :unit unit=celsius}	int 0	"0\u202f°C"	
fr	{$n :unit unit=celsius}	int 1	"1\u202f°C"	
fr	{$n :unit unit=celsius}	int -1	"-1\u202f°C"	
fr	{$n :unit unit=celsius}	int 2	"2\u202f°C"	
fr	{$n :unit unit=celsius}	int 5	"5\u202f°C"	
fr	{$n :unit unit=celsius}	int 21	"21\u202f°C"	
fr	{$n :unit unit=celsius}	float 1.5	"1,5\u202f°C"	
fr	{$n :unit unit=celsius}	decimal 1234.5	"1\u202f234,5\u202f°C"	
fr	{$n :unit unit=celsius}	decimal -1234567.891	"-1\u202f234\u202f567,891\u202f°C"	
fr	{$n :unit unit=kilogram unitDisplay=long}	int 0	"0\u00a0kilogramme"	
fr	{$n :unit unit=kilogram unitDisplay=long}	int 1	"1\u00a0kilogramme"	
fr	{$n :unit unit=kilogram unitDisplay=long}	int -1	"-1\u00a0kilogramme"	
fr	{$n :unit unit=kilogram unitDisplay=long}	int 2	"2\u00a0kilogrammes"	
fr	{$n :unit unit=kilogram unitDisplay=long}	int 5	"5\u00a0kilogrammes"	
fr	{$n :unit unit=kilogram unitDisplay=long}	int 21	"21\u00a0kilogrammes"	
fr	{$n :unit unit=kilogram unitDisplay=long}	float 1.5	"1,5\u00a0kilogramme"	
fr	{$n :unit unit=kilogram unitDisplay=long}	decimal 1234.5	"1\u202f234,5\u00a0kilogrammes"	
fr	{$n :unit unit=kilogram unitDisplay=long}	decimal -1234567.891	"-1\u202f234\u202f567,891\u00a0kilogrammes"	
fr	{$n :unit unit=liter-per-kilometer}	int 0	"0\u202fl/km"	
fr	{$n :unit unit=liter-per-kilometer}	int 1	"1\u202fl/km"	
fr	{$n :unit unit=liter-per-kilometer}	int -1	"-1\u202fl/km"	
fr	{$n :unit unit=liter-per-kilometer}	int 2	"2\u202fl/km"	
fr	{$n :unit unit=liter-per-kilometer}	int 5	"5\u202fl/km"	
fr	{$n :unit unit=liter-per-kilometer}	int 21	"21\u202fl/km"	
fr	{$n :unit unit=liter-per-kilometer}	float 1.5	"1,5\u202fl/km"	
fr	{$n :unit unit=liter-per-kilometer}	decimal 1234.5	"1\u202f234,5\u202fl/km"	
fr	{$n :unit unit=liter-per-kilometer}	decimal -1234567.891	"-1\u202f234\u202f567,891\u202fl/km"	
fr	{$n :unit unit=hour unitDisplay=long}	int 0	"0\u00a0heure"	
fr	{$n :unit unit=hour unitDisplay=long}	int 1	"1\u00a0heure"	
fr	{$n :unit unit=hour unitDisplay=long}	int -1	"-1\u00a0heure"	
fr	{$n :unit unit=hour unitDisplay=long}	int 2	"2\u00a0heures"	
fr	{$n :unit unit=hour unitDisplay=long}	int 5	"5\u00a0heures"	
fr	{$n :unit unit=hour unitDisplay=long}	int 21	"21\u00a0heures"	
fr	{$n :unit unit=hour unitDisplay=long}	float 1.5	"1,5\u00a0heure"	
fr	{$n :unit unit=hour unitDisplay=long}	decimal 1234.5	"1\u202f234,5\u00a0heures"	
fr	{$n :unit unit=hour unitDisplay=long}	decimal -1234567.891	"-1\u202f234\u202f567,891\u00a0heures"	
ar	{$n :unit unit=meter}	int 0	"0 متر"	
ar	{$n :unit unit=meter}	int 1	"متر"	
ar	{$n :unit unit=meter}	int -1	"متر"	
ar	{$n :unit unit=meter}	int 2	"متران"	
ar	{$n :unit unit=meter}	int 5	"5 أمتار"	
ar	{$n :unit unit=meter}	int 21	"21 مترًا"	
ar	{$n :unit unit=meter}	float 1.5	"1.5 متر"	
ar	{$n :unit unit=meter}	decimal 1234.5	"1,234.5 متر"	
ar	{$n :unit unit=meter}	decimal -1234567.891	"\u200e-1,234,567.891 متر"	
ar	{$n :unit unit=meter unitDisplay=long}	int 0	"0 متر"	
ar	{$n :unit unit=meter unitDisplay=long}	int 1	"متر"	
ar	{$n :unit unit=meter unitDisplay=long}	int -1	"متر"	
ar	{$n :unit unit=meter unitDisplay=long}	int 2	"2 متر"	
ar	{$n :unit unit=meter unitDisplay=long}	int 5	"5 أمتار"	
ar	{$n :unit unit=meter unitDisplay=long}	int 21	"21 مترًا"	
ar	{$n :unit unit=meter unitDisplay=long}	float 1.5	"1.5 متر"	
ar	{$n :unit unit=meter unitDisplay=long}	decimal 1234.5	"1,234.5 متر"	
ar	{$n :unit unit=meter unitDisplay=long}	decimal -1234567.891	"\u200e-1,234,567.891 متر"	
ar	{$n :unit unit=meter unitDisplay=narrow}	int 0	"0 م"	
ar	{$n :unit unit=meter unitDisplay=narrow}	int 1	"1 م"	
ar	{$n :unit unit=meter unitDisplay=narrow}	int -1	"\u200e-1 م"	
ar	{$n :unit unit=meter unitDisplay=narrow}	int 2	"2 م"	
ar	{$n :unit unit=meter unitDisplay=narrow}	int 5	"5 م"	
ar	{$n :unit unit=meter unitDisplay=narrow}	int 21	"21 م"	
ar	{$n :unit unit=meter unitDisplay=narrow}	float 1.5	"1.5 م"	
ar	{$n :unit unit=meter unitDisplay=narrow}	decimal 1234.5	"1,234.5 م"	
ar	{$n :unit unit=meter unitDisplay=narrow}	decimal -1234567.891	"\u200e-1,234,567.891 م"	
ar	{$n :unit unit=kilometer-per-hour}	int 0	"0 كم/س"	
ar	{$n :unit unit=kilometer-per-hour}	int 1	"1 كم/س"	
ar	{$n :unit unit=kilometer-per-hour}	int -1	"\u200e-1 كم/س"	
ar	{$n :unit unit=kilometer-per-hour}	int 2	"2 كم/س"	
ar	{$n :unit unit=kilometer-per-hour}	int 5	"5 كم/س"	
ar	{$n :unit unit=kilometer-per-hour}	int 21	"21 كم/س"	
ar	{$n :unit unit=kilometer-per-hour}	float 1.5	"1.5 كم/س"	
ar	{$n :unit unit=kilometer-per-hour}	decimal 1234.5	"1,234.5 كم/س"	
ar	{$n :unit unit=kilometer-per-hour}	decimal -1234567.891	"\u200e-1,234,567.891 كم/س"	
ar	{$n :unit unit=kilometer-per-hour unitDisplay=long}	int 0	"0 كيلومتر في الساعة"	
ar	{$n :unit unit=kilometer-per-hour unitDisplay=long}	int 1	"1 كيلومتر في الساعة"	
ar	{$n :unit unit=kilometer-per-hour unitDisplay=long}	int -1	"\u200e-1 كيلومتر في الساعة"	
ar	{$n :unit unit=kilometer-per-hour unitDisplay=long}	int 2	"2 كيلومتر في الساعة"	
ar	{$n :unit unit=kilometer-per-hour unitDisplay=long}	int 5	"5 كيلومتر في الساعة"	
ar	{$n :unit unit=kilometer-per-hour unitDisplay=long}	int 21	"21 كيلومتر في الساعة"	
ar	{$n :unit unit=kilometer-per-hour unitDisplay=long}	float 1.5	"1.5 كيلومتر في الساعة"	
ar	{$n :unit unit=kilometer-per-hour unitDisplay=long}	decimal 1234.5	"1,234.5 كيلومتر في الساعة"	
ar	{$n :unit unit=kilometer-per-hour unitDisplay=long}	decimal -1234567.891	"\u200e-1,234,567.891 كيلومتر في الساعة"	
ar	{$n :unit unit=celsius}	int 0	"0°م"	
ar	{$n :unit unit=celsius}	int 1	"1°م"	
ar	{$n :unit unit=celsius}	int -1	"\u200e-1°م"	
ar	{$n :unit unit=celsius}	int 2	"2°م"	
ar	{$n :unit unit=celsius}	int 5	"5°م"	
ar	{$n :unit unit=celsius}	int 21	"21°م"	
ar	{$n :unit unit=celsius}	float 1.5	"1.5°م"	
ar	{$n :unit unit=celsius}	decimal 1234.5	"1,234.5°م"	
ar	{$n :unit unit=celsius}	decimal -1234567.891	"\u200e-1,234,567.891°م"	
ar	{$n :unit unit=kilogram unitDisplay=long}	int 0	"0 كيلوغرام"	
ar	{$n :unit unit=kilogram unitDisplay=long}	int 1	"1 كيلوغرام"	
ar	{$n :unit unit=kilogram unitDisplay=long}	int -1	"\u200e-1 كيلوغرام"	
ar	{$n :unit unit=kilogram unitDisplay=long}	int 2	"2 كيلوغرام"	
ar	{$n :unit unit=kilogram unitDisplay=long}	int 5	"5 كيلوغرام"	
ar	{$n :unit unit=kilogram unitDisplay=long}	int 21	"21 كيلوغرام"	
ar	{$n :unit unit=kilogram unitDisplay=long}	float 1.5	"1.5 كيلوغرام"	
ar	{$n :unit unit=kilogram unitDisplay=long}	decimal 1234.5	"1,234.5 كيلوغرام"	
ar	{$n :unit unit=kilogram unitDisplay=long}	decimal -1234567.891	"\u200e-1,234,567.891 كيلوغرام"	
ar	{$n :unit unit=liter-per-kilometer}	int 0	"0 لتر/كم"	
ar	{$n :unit unit=liter-per-kilometer}	int 1	"1 لتر/كم"	
ar	{$n :unit unit=liter-per-kilometer}	int -1	"\u200e-1 لتر/كم"	
ar	{$n :unit unit=liter-per-kilometer}	int 2	"2 لتر/كم"	
ar	{$n :unit unit=liter-per-kilometer}	int 5	"5 لتر/كم"	
ar	{$n :unit unit=liter-per-kilometer}	int 21	"21 لتر/كم"	
ar	{$n :unit unit=liter-per-kilometer}	float 1.5	"1.5 لتر/كم"	
ar	{$n :unit unit=liter-per-kilometer}	decimal 1234.5	"1,234.5 لتر/كم"	
ar	{$n :unit unit=liter-per-kilometer}	decimal -1234567.891	"\u200e-1,234,567.891 لتر/كم"	
ar	{$n :unit unit=hour unitDisplay=long}	int 0	"0 ساعة"	
ar	{$n :unit unit=hour unitDisplay=long}	int 1	"ساعة"	
ar	{$n :unit unit=hour unitDisplay=long}	int -1	"ساعة"	
ar	{$n :unit unit=hour unitDisplay=long}	int 2	"ساعتان"	
ar	{$n :unit unit=hour unitDisplay=long}	int 5	"5 ساعات"	
ar	{$n :unit unit=hour unitDisplay=long}	int 21	"21 ساعة"	
ar	{$n :unit unit=hour unitDisplay=long}	float 1.5	"1.5 ساعة"	
ar	{$n :unit unit=hour unitDisplay=long}	decimal 1234.5	"1,234.5 ساعة"	
ar	{$n :unit unit=hour unitDisplay=long}	decimal -1234567.891	"\u200e-1,234,567.891 ساعة"	
he	{$n :unit unit=meter}	int 0	"0 מ׳"	
he	{$n :unit unit=meter}	int 1	"1 מ׳"	
he	{$n :unit unit=meter}	int -1	"\u200e-1 מ׳"	
he	{$n :unit unit=meter}	int 2	"2 מ׳"	
he	{$n :unit unit=meter}	int 5	"5 מ׳"	
he	{$n :unit unit=meter}	int 21	"21 מ׳"	
he	{$n :unit unit=meter}	float 1.5	"1.5 מ׳"	
he	{$n :unit unit=meter}	decimal 1234.5	"1,234.5 מ׳"	
he	{$n :unit unit=meter}	decimal -1234567.891	"\u200e-1,234,567.891 מ׳"	
he	{$n :unit unit=meter unitDisplay=long}	int 0	"0 מטרים"	
he	{$n :unit unit=meter unitDisplay=long}	int 1	"1 מטר"	
he	{$n :unit unit=meter unitDisplay=long}	int -1	"\u200e-1 מטר"	
he	{$n :unit unit=meter unitDisplay=long}	int 2	"2 מטרים"	
he	{$n :unit unit=meter unitDisplay=long}	int 5	"5 מטרים"	
he	{$n :unit unit=meter unitDisplay=long}	int 21	"21 מטרים"	
he	{$n :unit unit=meter unitDisplay=long}	float 1.5	"1.5 מטרים"	
he	{$n :unit unit=meter unitDisplay=long}	decimal 1234.5	"1,234.5 מטרים"	
he	{$n :unit unit=meter unitDisplay=long}	decimal -1234567.891	"\u200e-1,234,567.891 מטרים"	
he	{$n :unit unit=meter unitDisplay=narrow}	int 0	"0 מ׳"	
he	{$n :unit unit=meter unitDisplay=narrow}	int 1	"1 מ׳"	
he	{$n :unit unit=meter unitDisplay=narrow}	int -1	"\u200e-1 מ׳"	
he	{$n :unit unit=meter unitDisplay=narrow}	int 2	"2 מ׳"	
he	{$n :unit unit=meter unitDisplay=narrow}	int 5	"5 מ׳"	
he	{$n :unit unit=meter unitDisplay=narrow}	int 21	"21 מ׳"	
he	{$n :unit unit=meter unitDisplay=narrow}	float 1.5	"1.5 מ׳"	
he	{$n :unit unit=meter unitDisplay=narrow}	decimal 1234.5	"1,234.5 מ׳"	
he	{$n :unit unit=meter unitDisplay=narrow}	decimal -1234567.891	"\u200e-1,234,567.891 מ׳"	
he	{$n :unit unit=kilometer-per-hour}	int 0	"0 קמ״ש"	
he	{$n :unit unit=kilometer-per-hour}	int 1	"1 קמ״ש"	
he	{$n :unit unit=kilometer-per-hour}	int -1	"\u200e-1 קמ״ש"	
he	{$n :unit unit=kilometer-per-hour}	int 2	"2 קמ״ש"	
he	{$n :unit unit=kilometer-per-hour}	int 5	"5 קמ״ש"	
he	{$n :unit unit=kilometer-per-hour}	int 21	"21 קמ״ש"	
he	{$n :unit unit=kilometer-per-hour}	float 1.5	"1.5 קמ״ש"	
he	{$n :unit unit=kilometer-per-hour}	decimal 1234.5	"1,234.5 קמ״ש"	
he	{$n :unit unit=kilometer-per-hour}	decimal -1234567.891	"\u200e-1,234,567.891 קמ״ש"	
he	{$n :unit unit=kilometer-per-hour unitDisplay=long}	int 0	"0 קילומטר לשעה"	
he	{$n :unit unit=kilometer-per-hour unitDisplay=long}	int 1	"1 קילומטר לשעה"	
he	{$n :unit unit=kilometer-per-hour unitDisplay=long}	int -1	"\u200e-1 קילומטר לשעה"	
he	{$n :unit unit=kilometer-per-hour unitDisplay=long}	int 2	"2 קילומטר לשעה"	
he	{$n :unit unit=kilometer-per-hour unitDisplay=long}	int 5	"5 קילומטר לשעה"	
he	{$n :unit unit=kilometer-per-hour unitDisplay=long}	int 21	"21 קילומטר לשעה"	
he	{$n :unit unit=kilometer-per-hour unitDisplay=long}	float 1.5	"1.5 קילומטר לשעה"	
he	{$n :unit unit=kilometer-per-hour unitDisplay=long}	decimal 1234.5	"1,234.5 קילומטר לשעה"	
he	{$n :unit unit=kilometer-per-hour unitDisplay=long}	decimal -1234567.891	"\u200e-1,234,567.891 קילומטר לשעה"	
he	{$n :unit unit=celsius}	int 0	"0°C"	
he	{$n :unit unit=celsius}	int 1	"1°C"	
he	{$n :unit unit=celsius}	int -1	"\u200e-1°C"	
he	{$n :unit unit=celsius}	int 2	"2°C"	
he	{$n :unit unit=celsius}	int 5	"5°C"	
he	{$n :unit unit=celsius}	int 21	"21°C"	
he	{$n :unit unit=celsius}	float 1.5	"1.5°C"	
he	{$n :unit unit=celsius}	decimal 1234.5	"1,234.5°C"	
he	{$n :unit unit=celsius}	decimal -1234567.891	"\u200e-1,234,567.891°C"	
he	{$n :unit unit=kilogram unitDisplay=long}	int 0	"0 קילוגרם"	
he	{$n :unit unit=kilogram unitDisplay=long}	int 1	"1 קילוגרם"	
he	{$n :unit unit=kilogram unitDisplay=long}	int -1	"\u200e-1 קילוגרם"	
he	{$n :unit unit=kilogram unitDisplay=long}	int 2	"2 קילוגרם"	
he	{$n :unit unit=kilogram unitDisplay=long}	int 5	"5 קילוגרם"	
he	{$n :unit unit=kilogram unitDisplay=long}	int 21	"21 קילוגרם"	
he	{$n :unit unit=kilogram unitDisplay=long}	float 1.5	"1.5 קילוגרם"	
he	{$n :unit unit=kilogram unitDisplay=long}	decimal 1234.5	"1,234.5 קילוגרם"	
he	{$n :unit unit=kilogram unitDisplay=long}	decimal -1234567.891	"\u200e-1,234,567.891 קילוגרם"	
he	{$n :unit unit=liter-per-kilometer}	int 0	"0 ל׳/ק״מ"	
he	{$n :unit unit=liter-per-kilometer}	int 1	"1 ל׳/ק״מ"	
he	{$n :unit unit=liter-per-kilometer}	int -1	"\u200e-1 ל׳/ק״מ"	
he	{$n :unit unit=liter-per-kilometer}	int 2	"2 ל׳/ק״מ"	
he	{$n :unit unit=liter-per-kilometer}	int 5	"5 ל׳/ק״מ"	
he	{$n :unit unit=liter-per-kilometer}	int 21	"21 ל׳/ק״מ"	
he	{$n :unit unit=liter-per-kilometer}	float 1.5	"1.5 ל׳/ק״מ"	
he	{$n :unit unit=liter-per-kilometer}	decimal 1234.5	"1,234.5 ל׳/ק״מ"	
he	{$n :unit unit=liter-per-kilometer}	decimal -1234567.891	"\u200e-1,234,567.891 ל׳/ק״מ"	
he	{$n :unit unit=hour unitDisplay=long}	int 0	"0 שעות"	
he	{$n :unit unit=hour unitDisplay=long}	int 1	"1 שעה"	
he	{$n :unit unit=hour unitDisplay=long}	int -1	"\u200e-1 שעה"	
he	{$n :unit unit=hour unitDisplay=long}	int 2	"שעתיים"	
he	{$n :unit unit=hour unitDisplay=long}	int 5	"5 שעות"	
he	{$n :unit unit=hour unitDisplay=long}	int 21	"21 שעות"	
he	{$n :unit unit=hour unitDisplay=long}	float 1.5	"1.5 שעות"	
he	{$n :unit unit=hour unitDisplay=long}	decimal 1234.5	"1,234.5 שעות"	
he	{$n :unit unit=hour unitDisplay=long}	decimal -1234567.891	"\u200e-1,234,567.891 שעות"	
ja	{$n :unit unit=meter}	int 0	"0 m"	
ja	{$n :unit unit=meter}	int 1	"1 m"	
ja	{$n :unit unit=meter}	int -1	"-1 m"	
ja	{$n :unit unit=meter}	int 2	"2 m"	
ja	{$n :unit unit=meter}	int 5	"5 m"	
ja	{$n :unit unit=meter}	int 21	"21 m"	
ja	{$n :unit unit=meter}	float 1.5	"1.5 m"	
ja	{$n :unit unit=meter}	decimal 1234.5	"1,234.5 m"	
ja	{$n :unit unit=meter}	decimal -1234567.891	"-1,234,567.891 m"	
ja	{$n :unit unit=meter unitDisplay=long}	int 0	"0 メートル"	
ja	{$n :unit unit=meter unitDisplay=long}	int 1	"1 メートル"	
ja	{$n :unit unit=meter unitDisplay=long}	int -1	"-1 メートル"	
ja	{$n :unit unit=meter unitDisplay=long}	int 2	"2 メートル"	
ja	{$n :unit unit=meter unitDisplay=long}	int 5	"5 メートル"	
ja	{$n :unit unit=meter unitDisplay=long}	int 21	"21 メートル"	
ja	{$n :unit unit=meter unitDisplay=long}	float 1.5	"1.5 メートル"	
ja	{$n :unit unit=meter unitDisplay=long}	decimal 1234.5	"1,234.5 メートル"	
ja	{$n :unit unit=meter unitDisplay=long}	decimal -1234567.891	"-1,234,567.891 メートル"	
ja	{$n :unit unit=meter unitDisplay=narrow}	int 0	"0m"	
ja	{$n :unit unit=meter unitDisplay=narrow}	int 1	"1m"	
ja	{$n :unit unit=meter unitDisplay=narrow}	int -1	"-1m"	
ja	{$n :unit unit=meter unitDisplay=narrow}	int 2	"2m"	
ja	{$n :unit unit=meter unitDisplay=narrow}	int 5	"5m"	
ja	{$n :unit unit=meter unitDisplay=narrow}	int 21	"21m"	
ja	{$n :unit unit=meter unitDisplay=narrow}	float 1.5	"1.5m"	
ja	{$n :unit unit=meter unitDisplay=narrow}	decimal 1234.5	"1,234.5m"	
ja	{$n :unit unit=meter unitDisplay=narrow}	decimal -1234567.891	"-1,234,567.891m"	
ja	{$n :unit unit=kilometer-per-hour}	int 0	"0 km/h"	
ja	{$n :unit unit=kilometer-per-hour}	int 1	"1 km/h"	
ja	{$n :unit unit=kilometer-per-hour}	int -1	"-1 km/h"	
ja	{$n :unit unit=kilometer-per-hour}	int 2	"2 km/h"	
ja	{$n :unit unit=kilometer-per-hour}	int 5	"5 km/h"	
ja	{$n :unit unit=kilometer-per-hour}	int 21	"21 km/h"	
ja	{$n :unit unit=kilometer-per-hour}	float 1.5	"1.5 km/h"	
ja	{$n :unit unit=kilometer-per-hour}	decimal 1234.5	"1,234.5 km/h"	
ja	{$n :unit unit=kilometer-per-hour}	decimal -1234567.891	"-1,234,567.891 km/h"	
ja	{$n :unit unit=kilometer-per-hour unitDisplay=long}	int 0	"時速 0 キロメートル"	
ja	{$n :unit unit=kilometer-per-hour unitDisplay=long}	int 1	"時速 1 キロメートル"	
ja	{$n :unit unit=kilometer-per-hour unitDisplay=long}	int -1	"時速 -1 キロメートル"	
ja	{$n :unit unit=kilometer-per-hour unitDisplay=long}	int 2	"時速 2 キロメートル"	
ja	{$n :unit unit=kilometer-per-hour unitDisplay=long}	int 5	"時速 5 キロメートル"	
ja	{$n :unit unit=kilometer-per-hour unitDisplay=long}	int 21	"時速 21 キロメートル"	
ja	{$n :unit unit=kilometer-per-hour unitDisplay=long}	float 1.5	"時速 1.5 キロメートル"	
ja	{$n :unit unit=kilometer-per-hour unitDisplay=long}	decimal 1234.5	"時速 1,234.5 キロメートル"	
ja	{$n :unit unit=kilometer-per-hour unitDisplay=long}	decimal -1234567.891	"時速 -1,234,567.891 キロメートル"	
ja	{$n :unit unit=celsius}	int 0	"0°C"	
ja	{$n :unit unit=celsius}	int 1	"1°C"	
ja	{$n :unit unit=celsius}	int -1	"-1°C"	
ja	{$n :unit unit=celsius}	int 2	"2°C"	
ja	{$n :unit unit=celsius}	int 5	"5°C"	
ja	{$n :unit unit=celsius}	int 21	"21°C"	
ja	{$n :unit unit=celsius}	float 1.5	"1.5°C"	
ja	{$n :unit unit=celsius}	decimal 1234.5	"1,234.5°C"	
ja	{$n :unit unit=celsius}	decimal -1234567.891	"-1,234,567.891°C"	
ja	{$n :unit unit=kilogram unitDisplay=long}	int 0	"0 キログラム"	
ja	{$n :unit unit=kilogram unitDisplay=long}	int 1	"1 キログラム"	
ja	{$n :unit unit=kilogram unitDisplay=long}	int -1	"-1 キログラム"	
ja	{$n :unit unit=kilogram unitDisplay=long}	int 2	"2 キログラム"	
ja	{$n :unit unit=kilogram unitDisplay=long}	int 5	"5 キログラム"	
ja	{$n :unit unit=kilogram unitDisplay=long}	int 21	"21 キログラム"	
ja	{$n :unit unit=kilogram unitDisplay=long}	float 1.5	"1.5 キログラム"	
ja	{$n :unit unit=kilogram unitDisplay=long}	decimal 1234.5	"1,234.5 キログラム"	
ja	{$n :unit unit=kilogram unitDisplay=long}	decimal -1234567.891	"-1,234,567.891 キログラム"	
ja	{$n :unit unit=liter-per-kilometer}	int 0	"0 L/km"	
ja	{$n :unit unit=liter-per-kilometer}	int 1	"1 L/km"	
ja	{$n :unit unit=liter-per-kilometer}	int -1	"-1 L/km"	
ja	{$n :unit unit=liter-per-kilometer}	int 2	"2 L/km"	
ja	{$n :unit unit=liter-per-kilometer}	int 5	"5 L/km"	
ja	{$n :unit unit=liter-per-kilometer}	int 21	"21 L/km"	
ja	{$n :unit unit=liter-per-kilometer}	float 1.5	"1.5 L/km"	
ja	{$n :unit unit=liter-per-kilometer}	decimal 1234.5	"1,234.5 L/km"	
ja	{$n :unit unit=liter-per-kilometer}	decimal -1234567.891	"-1,234,567.891 L/km"	
ja	{$n :unit unit=hour unitDisplay=long}	int 0	"0 時間"	
ja	{$n :unit unit=hour unitDisplay=long}	int 1	"1 時間"	
ja	{$n :unit unit=hour unitDisplay=long}	int -1	"-1 時間"	
ja	{$n :unit unit=hour unitDisplay=long}	int 2	"2 時間"	
ja	{$n :unit unit=hour unitDisplay=long}	int 5	"5 時間"	
ja	{$n :unit unit=hour unitDisplay=long}	int 21	"21 時間"	
ja	{$n :unit unit=hour unitDisplay=long}	float 1.5	"1.5 時間"	
ja	{$n :unit unit=hour unitDisplay=long}	decimal 1234.5	"1,234.5 時間"	
ja	{$n :unit unit=hour unitDisplay=long}	decimal -1234567.891	"-1,234,567.891 時間"	
hi	{$n :unit unit=meter}	int 0	"0 मी"	
hi	{$n :unit unit=meter}	int 1	"1 मी"	
hi	{$n :unit unit=meter}	int -1	"-1 मी"	
hi	{$n :unit unit=meter}	int 2	"2 मी"	
hi	{$n :unit unit=meter}	int 5	"5 मी"	
hi	{$n :unit unit=meter}	int 21	"21 मी"	
hi	{$n :unit unit=meter}	float 1.5	"1.5 मी"	
hi	{$n :unit unit=meter}	decimal 1234.5	"1,234.5 मी"	
hi	{$n :unit unit=meter}	decimal -1234567.891	"-12,34,567.891 मी"	
hi	{$n :unit unit=meter unitDisplay=long}	int 0	"0 मीटर"	
hi	{$n :unit unit=meter unitDisplay=long}	int 1	"1 मीटर"	
hi	{$n :unit unit=meter unitDisplay=long}	int -1	"-1 मीटर"	
hi	{$n :unit unit=meter unitDisplay=long}	int 2	"2 मीटर"	
hi	{$n :unit unit=meter unitDisplay=long}	int 5	"5 मीटर"	
hi	{$n :unit unit=meter unitDisplay=long}	int 21	"21 मीटर"	
hi	{$n :unit unit=meter unitDisplay=long}	float 1.5	"1.5 मीटर"	
hi	{$n :unit unit=meter unitDisplay=long}	decimal 1234.5	"1,234.5 मीटर"	
hi	{$n :unit unit=meter unitDisplay=long}	decimal -1234567.891	"-12,34,567.891 मीटर"	
hi	{$n :unit unit=meter unitDisplay=narrow}	int 0	"0 मी"	
hi	{$n :unit unit=meter unitDisplay=narrow}	int 1	"1 मी"	
hi	{$n :unit unit=meter unitDisplay=narrow}	int -1	"-1 मी"	
hi	{$n :unit unit=meter unitDisplay=narrow}	int 2	"2 मी"	
hi	{$n :unit unit=meter unitDisplay=narrow}	int 5	"5 मी"	
hi	{$n :unit unit=meter unitDisplay=narrow}	int 21	"21 मी"	
hi	{$n :unit unit=meter unitDisplay=narrow}	float 1.5	"1.5 मी"	
hi	{$n :unit unit=meter unitDisplay=narrow}	decimal 1234.5	"1,234.5 मी"	
hi	{$n :unit unit=meter unitDisplay=narrow}	decimal -1234567.891	"-12,34,567.891 मी"	
hi	{$n :unit unit=kilometer-per-hour}	int 0	"0 कि॰मी॰/घं॰"	
hi	{$n :unit unit=kilometer-per-hour}	int 1	"1 कि॰मी॰/घं॰"	
hi	{$n :unit unit=kilometer-per-hour}	int -1	"-1 कि॰मी॰/घं॰"	
hi	{$n :unit unit=kilometer-per-hour}	int 2	"2 कि॰मी॰/घं॰"	
hi	{$n :unit unit=kilometer-per-hour}	int 5	"5 कि॰मी॰/घं॰"	
hi	{$n :unit unit=kilometer-per-hour}	int 21	"21 कि॰मी॰/घं॰"	
hi	{$n :unit unit=kilometer-per-hour}	float 1.5	"1.5 कि॰मी॰/घं॰"	
hi	{$n :unit unit=kilometer-per-hour}	decimal 1234.5	"1,234.5 कि॰मी॰/घं॰"	
hi	{$n :unit unit=kilometer-per-hour}	decimal -1234567.891	"-12,34,567.891 कि॰मी॰/घं॰"	
hi	{$n :unit unit=kilometer-per-hour unitDisplay=long}	int 0	"0 किलोमीटर प्रति घंटा"	
hi	{$n :unit unit=kilometer-per-hour unitDisplay=long}	int 1	"1 किलोमीटर प्रति घंटा"	
hi	{$n :unit unit=kilometer-per-hour unitDisplay=long}	int -1	"-1 किलोमीटर प्रति घंटा"	
hi	{$n :unit unit=kilometer-per-hour unitDisplay=long}	int 2	"2 किलोमीटर प्रति घंटा"	
hi	{$n :unit unit=kilometer-per-hour unitDisplay=long}	int 5	"5 किलोमीटर प्रति घंटा"	
hi	{$n :unit unit=kilometer-per-hour unitDisplay=long}	int 21	"21 किलोमीटर प्रति घंटा"	
hi	{$n :unit unit=kilometer-per-hour unitDisplay=long}	float 1.5	"1.5 किलोमीटर प्रति घंटा"	
hi	{$n :unit unit=kilometer-per-hour unitDisplay=long}	decimal 1234.5	"1,234.5 किलोमीटर प्रति घंटा"	
hi	{$n :unit unit=kilometer-per-hour unitDisplay=long}	decimal -1234567.891	"-12,34,567.891 किलोमीटर प्रति घंटा"	
hi	{$n :unit unit=celsius}	int 0	"0°से॰"	
hi	{$n :unit unit=celsius}	int 1	"1°से॰"	
hi	{$n :unit unit=celsius}	int -1	"-1°से॰"	
hi	{$n :unit unit=celsius}	int 2	"2°से॰"	
hi	{$n :unit unit=celsius}	int 5	"5°से॰"	
hi	{$n :unit unit=celsius}	int 21	"21°से॰"	
hi	{$n :unit unit=celsius}	float 1.5	"1.5°से॰"	
hi	{$n :unit unit=celsius}	decimal 1234.5	"1,234.5°से॰"	
hi	{$n :unit unit=celsius}	decimal -1234567.891	"-12,34,567.891°से॰"	
hi	{$n :unit unit=kilogram unitDisplay=long}	int 0	"0 किलोग्राम"	
hi	{$n :unit unit=kilogram unitDisplay=long}	int 1	"1 किलोग्राम"	
hi	{$n :unit unit=kilogram unitDisplay=long}	int -1	"-1 किलोग्राम"	
hi	{$n :unit unit=kilogram unitDisplay=long}	int 2	"2 किलोग्राम"	
hi	{$n :unit unit=kilogram unitDisplay=long}	int 5	"5 किलोग्राम"	
hi	{$n :unit unit=kilogram unitDisplay=long}	int 21	"21 किलोग्राम"	
hi	{$n :unit unit=kilogram unitDisplay=long}	float 1.5	"1.5 किलोग्राम"	
hi	{$n :unit unit=kilogram unitDisplay=long}	decimal 1234.5	"1,234.5 किलोग्राम"	
hi	{$n :unit unit=kilogram unitDisplay=long}	decimal -1234567.891	"-12,34,567.891 किलोग्राम"	
hi	{$n :unit unit=liter-per-kilometer}	int 0	"0 ली/किमी"	
hi	{$n :unit unit=liter-per-kilometer}	int 1	"1 ली/किमी"	
hi	{$n :unit unit=liter-per-kilometer}	int -1	"-1 ली/किमी"	
hi	{$n :unit unit=liter-per-kilometer}	int 2	"2 ली/किमी"	
hi	{$n :unit unit=liter-per-kilometer}	int 5	"5 ली/किमी"	
hi	{$n :unit unit=liter-per-kilometer}	int 21	"21 ली/किमी"	
hi	{$n :unit unit=liter-per-kilometer}	float 1.5	"1.5 ली/किमी"	
hi	{$n :unit unit=liter-per-kilometer}	decimal 1234.5	"1,234.5 ली/किमी"	
hi	{$n :unit unit=liter-per-kilometer}	decimal -1234567.891	"-12,34,567.891 ली/किमी"	
hi	{$n :unit unit=hour unitDisplay=long}	int 0	"0 घंटा"	
hi	{$n :unit unit=hour unitDisplay=long}	int 1	"1 घंटा"	
hi	{$n :unit unit=hour unitDisplay=long}	int -1	"-1 घंटा"	
hi	{$n :unit unit=hour unitDisplay=long}	int 2	"2 घंटे"	
hi	{$n :unit unit=hour unitDisplay=long}	int 5	"5 घंटे"	
hi	{$n :unit unit=hour unitDisplay=long}	int 21	"21 घंटे"	
hi	{$n :unit unit=hour unitDisplay=long}	float 1.5	"1.5 घंटे"	
hi	{$n :unit unit=hour unitDisplay=long}	decimal 1234.5	"1,234.5 घंटे"	
hi	{$n :unit unit=hour unitDisplay=long}	decimal -1234567.891	"-12,34,567.891 घंटे"	
ru	{$n :unit unit=meter}	int 0	"0 м"	
ru	{$n :unit unit=meter}	int 1	"1 м"	
ru	{$n :unit unit=meter}	int -1	"-1 м"	
ru	{$n :unit unit=meter}	int 2	"2 м"	
ru	{$n :unit unit=meter}	int 5	"5 м"	
ru	{$n :unit unit=meter}	int 21	"21 м"	
ru	{$n :unit unit=meter}	float 1.5	"1,5 м"	
ru	{$n :unit unit=meter}	decimal 1234.5	"1\u00a0234,5 м"	
ru	{$n :unit unit=meter}	decimal -1234567.891	"-1\u00a0234\u00a0567,891 м"	
ru	{$n :unit unit=meter unitDisplay=long}	int 0	"0 метров"	
ru	{$n :unit unit=meter unitDisplay=long}	int 1	"1 метр"	
ru	{$n :unit unit=meter unitDisplay=long}	int -1	"-1 метр"	
ru	{$n :unit unit=meter unitDisplay=long}	int 2	"2 метра"	
ru	{$n :unit unit=meter unitDisplay=long}	int 5	"5 метров"	
ru	{$n :unit unit=meter unitDisplay=long}	int 21	"21 метр"	
ru	{$n :unit unit=meter unitDisplay=long}	float 1.5	"1,5 метра"	
ru	{$n :unit unit=meter unitDisplay=long}	decimal 1234.5	"1\u00a0234,5 метра"	
ru	{$n :unit unit=meter unitDisplay=long}	decimal -1234567.891	"-1\u00a0234\u00a0567,891 метра"	
ru	{$n :unit unit=meter unitDisplay=narrow}	int 0	"0 м"	
ru	{$n :unit unit=meter unitDisplay=narrow}	int 1	"1 м"	
ru	{$n :unit unit=meter unitDisplay=narrow}	int -1	"-1 м"	
ru	{$n :unit unit=meter unitDisplay=narrow}	int 2	"2 м"	
ru	{$n :unit unit=meter unitDisplay=narrow}	int 5	"5 м"	
ru	{$n :unit unit=meter unitDisplay=narrow}	int 21	"21 м"	
ru	{$n :unit unit=meter unitDisplay=narrow}	float 1.5	"1,5 м"	
ru	{$n :unit unit=meter unitDisplay=narrow}	decimal 1234.5	"1\u00a0234,5 м"	
ru	{$n :unit unit=meter unitDisplay=narrow}	decimal -1234567.891	"-1\u00a0234\u00a0567,891 м"	
ru	{$n :unit unit=kilometer-per-hour}	int 0	"0 км/ч"	
ru	{$n :unit unit=kilometer-per-hour}	int 1	"1 км/ч"	
ru	{$n :unit unit=kilometer-per-hour}	int -1	"-1 км/ч"	
ru	{$n :unit unit=kilometer-per-hour}	int 2	"2 км/ч"	
ru	{$n :unit unit=kilometer-per-hour}	int 5	"5 км/ч"	
ru	{$n :unit unit=kilometer-per-hour}	int 21	"21 км/ч"	
ru	{$n :unit unit=kilometer-per-hour}	float 1.5	"1,5 км/ч"	
ru	{$n :unit unit=kilometer-per-hour}	decimal 1234.5	"1\u00a0234,5 км/ч"	
ru	{$n :unit unit=kilometer-per-hour}	decimal -1234567.891	"-1\u00a0234\u00a0567,891 км/ч"	
ru	{$n :unit unit=kilometer-per-hour unitDisplay=long}	int 0	"0 километров в час"	
ru	{$n :unit unit=kilometer-per-hour unitDisplay=long}	int 1	"1 километр в час"	
ru	{$n :unit unit=kilometer-per-hour unitDisplay=long}	int -1	"-1 километр в час"	
ru	{$n :unit unit=kilometer-per-hour unitDisplay=long}	int 2	"2 километра в час"	
ru	{$n :unit unit=kilometer-per-hour unitDisplay=long}	int 5	"5 километров в час"	
ru	{$n :unit unit=kilometer-per-hour unitDisplay=long}	int 21	"21 километр в час"	
ru	{$n :unit unit=kilometer-per-hour unitDisplay=long}	float 1.5	"1,5 километра в час"	
ru	{$n :unit unit=kilometer-per-hour unitDisplay=long}	decimal 1234.5	"1\u00a0234,5 километра в час"	
ru	{$n :unit unit=kilometer-per-hour unitDisplay=long}	decimal -1234567.891	"-1\u00a0234\u00a0567,891 километра в час"	
ru	{$n :unit unit=celsius}	int 0	"0 °C"	
ru	{$n :unit unit=celsius}	int 1	"1 °C"	
ru	{$n :unit unit=celsius}	int -1	"-1 °C"	
ru	{$n :unit unit=celsius}	int 2	"2 °C"	
ru	{$n :unit unit=celsius}	int 5	"5 °C"	
ru	{$n :unit unit=celsius}	int 21	"21 °C"	
ru	{$n :unit unit=celsius}	float 1.5	"1,5 °C"	
ru	{$n :unit unit=celsius}	decimal 1234.5	"1\u00a0234,5 °C"	
ru	{$n :unit unit=celsius}	decimal -1234567.891	"-1\u00a0234\u00a0567,891 °C"	
ru	{$n :unit unit=kilogram unitDisplay=long}	int 0	"0 килограмм"	
ru	{$n :unit unit=kilogram unitDisplay=long}	int 1	"1 килограмм"	
ru	{$n :unit unit=kilogram unitDisplay=long}	int -1	"-1 килограмм"	
ru	{$n :unit unit=kilogram unitDisplay=long}	int 2	"2 килограмма"	
ru	{$n :unit unit=kilogram unitDisplay=long}	int 5	"5 килограмм"	
ru	{$n :unit unit=kilogram unitDisplay=long}	int 21	"21 килограмм"	
ru	{$n :unit unit=kilogram unitDisplay=long}	float 1.5	"1,5 килограмма"	
ru	{$n :unit unit=kilogram unitDisplay=long}	decimal 1234.5	"1\u00a0234,5 килограмма"	
ru	{$n :unit unit=kilogram unitDisplay=long}	decimal -1234567.891	"-1\u00a0234\u00a0567,891 килограмма"	
ru	{$n :unit unit=liter-per-kilometer}	int 0	"0 л/км"	
ru	{$n :unit unit=liter-per-kilometer}	int 1	"1 л/км"	
ru	{$n :unit unit=liter-per-kilometer}	int -1	"-1 л/км"	
ru	{$n :unit unit=liter-per-kilometer}	int 2	"2 л/км"	
ru	{$n :unit unit=liter-per-kilometer}	int 5	"5 л/км"	
ru	{$n :unit unit=liter-per-kilometer}	int 21	"21 л/км"	
ru	{$n :unit unit=liter-per-kilometer}	float 1.5	"1,5 л/км"	
ru	{$n :unit unit=liter-per-kilometer}	decimal 1234.5	"1\u00a0234,5 л/км"	
ru	{$n :unit unit=liter-per-kilometer}	decimal -1234567.891	"-1\u00a0234\u00a0567,891 л/км"	
ru	{$n :unit unit=hour unitDisplay=long}	int 0	"0 часов"	
ru	{$n :unit unit=hour unitDisplay=long}	int 1	"1 час"	
ru	{$n :unit unit=hour unitDisplay=long}	int -1	"-1 час"	
ru	{$n :unit unit=hour unitDisplay=long}	int 2	"2 часа"	
ru	{$n :unit unit=hour unitDisplay=long}	int 5	"5 часов"	
ru	{$n :unit unit=hour unitDisplay=long}	int 21	"21 час"	
ru	{$n :unit unit=hour unitDisplay=long}	float 1.5	"1,5 часа"	
ru	{$n :unit unit=hour unitDisplay=long}	decimal 1234.5	"1\u00a0234,5 часа"	
ru	{$n :unit unit=hour unitDisplay=long}	decimal -1234567.891	"-1\u00a0234\u00a0567,891 часа"	
pl	{$n :unit unit=meter}	int 0	"0 m"	
pl	{$n :unit unit=meter}	int 1	"1 m"	
pl	{$n :unit unit=meter}	int -1	"-1 m"	
pl	{$n :unit unit=meter}	int 2	"2 m"	
pl	{$n :unit unit=meter}	int 5	"5 m"	
pl	{$n :unit unit=meter}	int 21	"21 m"	
pl	{$n :unit unit=meter}	float 1.5	"1,5 m"	
pl	{$n :unit unit=meter}	decimal 1234.5	"1234,5 m"	
pl	{$n :unit unit=meter}	decimal -1234567.891	"-1\u00a0234\u00a0567,891 m"	
pl	{$n :unit unit=meter unitDisplay=long}	int 0	"0 metrów"	
pl	{$n :unit unit=meter unitDisplay=long}	int 1	"1 metr"	
pl	{$n :unit unit=meter unitDisplay=long}	int -1	"-1 metr"	
pl	{$n :unit unit=meter unitDisplay=long}	int 2	"2 metry"	
pl	{$n :unit unit=meter unitDisplay=long}	int 5	"5 metrów"	
pl	{$n :unit unit=meter unitDisplay=long}	int 21	"21 metrów"	
pl	{$n :unit unit=meter unitDisplay=long}	float 1.5	"1,5 metra"	
pl	{$n :unit unit=meter unitDisplay=long}	decimal 1234.5	"1234,5 metra"	
pl	{$n :unit unit=meter unitDisplay=long}	decimal -1234567.891	"-1\u00a0234\u00a0567,891 metra"	
pl	{$n :unit unit=meter unitDisplay=narrow}	int 0	"0 m"	
pl	{$n :unit unit=meter unitDisplay=narrow}	int 1	"1 m"	
pl	{$n :unit unit=meter unitDisplay=narrow}	int -1	"-1 m"	
pl	{$n :unit unit=meter unitDisplay=narrow}	int 2	"2 m"	
pl	{$n :unit unit=meter unitDisplay=narrow}	int 5	"5 m"	
pl	{$n :unit unit=meter unitDisplay=narrow}	int 21	"21 m"	
pl	{$n :unit unit=meter unitDisplay=narrow}	float 1.5	"1,5 m"	
pl	{$n :unit unit=meter unitDisplay=narrow}	decimal 1234.5	"1234,5 m"	
pl	{$n :unit unit=meter unitDisplay=narrow}	decimal -1234567.891	"-1\u00a0234\u00a0567,891 m"	
pl	{$n :unit unit=kilometer-per-hour}	int 0	"0 km/godz."	
pl	{$n :unit unit=kilometer-per-hour}	int 1	"1 km/godz."	
pl	{$n :unit unit=kilometer-per-hour}	int -1	"-1 km/godz."	
pl	{$n :unit unit=kilometer-per-hour}	int 2	"2 km/godz."	
pl	{$n :unit unit=kilometer-per-hour}	int 5	"5 km/godz."	
pl	{$n :unit unit=kilometer-per-hour}	int 21	"21 km/godz."	
pl	{$n :unit unit=kilometer-per-hour}	float 1.5	"1,5 km/godz."	
pl	{$n :unit unit=kilometer-per-hour}	decimal 1234.5	"1234,5 km/godz."	
pl	{$n :unit unit=kilometer-per-hour}	decimal -1234567.891	"-1\u00a0234\u00a0567,891 km/godz."	
pl	{$n :unit unit=kilometer-per-hour unitDisplay=long}	int 0	"0 kilometrów na godzinę"	
pl	{$n :unit unit=kilometer-per-hour unitDisplay=long}	int 1	"1 kilometr na godzinę"	
pl	{$n :unit unit=kilometer-per-hour unitDisplay=long}	int -1	"-1 kilometr na godzinę"	
pl	{$n :unit unit=kilometer-per-hour unitDisplay=long}	int 2	"2 kilometry na godzinę"	
pl	{$n :unit unit=kilometer-per-hour unitDisplay=long}	int 5	"5 kilometrów na godzinę"	
pl	{$n :unit unit=kilometer-per-hour unitDisplay=long}	int 21	"21 kilometrów na godzinę"	
pl	{$n :unit unit=kilometer-per-hour unitDisplay=long}	float 1.5	"1,5 kilometra na godzinę"	
pl	{$n :unit unit=kilometer-per-hour unitDisplay=long}	decimal 1234.5	"1234,5 kilometra na godzinę"	
pl	{$n :unit unit=kilometer-per-hour unitDisplay=long}	decimal -1234567.891	"-1\u00a0234\u00a0567,891 kilometra na godzinę"	
pl	{$n :unit unit=celsius}	int 0	"0 st. C"	
pl	{$n :unit unit=celsius}	int 1	"1 st. C"	
pl	{$n :unit unit=celsius}	int -1	"-1 st. C"	
pl	{$n :unit unit=celsius}	int 2	"2 st. C"	
pl	{$n :unit unit=celsius}	int 5	"5 st. C"	
pl	{$n :unit unit=celsius}	int 21	"21 st. C"	
pl	{$n :unit unit=celsius}	float 1.5	"1,5 st. C"	
pl	{$n :unit unit=celsius}	decimal 1234.5	"1234,5 st. C"	
pl	{$n :unit unit=celsius}	decimal -1234567.891	"-1\u00a0234\u00a0567,891 st. C"	
pl	{$n :unit unit=kilogram unitDisplay=long}	int 0	"0 kilogramów"	
pl	{$n :unit unit=kilogram unitDisplay=long}	int 1	"1 kilogram"	
pl	{$n :unit unit=kilogram unitDisplay=long}	int -1	"-1 kilogram"	
pl	{$n :unit unit=kilogram unitDisplay=long}	int 2	"2 kilogramy"	
pl	{$n :unit unit=kilogram unitDisplay=long}	int 5	"5 kilogramów"	
pl	{$n :unit unit=kilogram unitDisplay=long}	int 21	"21 kilogramów"	
pl	{$n :unit unit=kilogram unitDisplay=long}	float 1.5	"1,5 kilograma"	
pl	{$n :unit unit=kilogram unitDisplay=long}	decimal 1234.5	"1234,5 kilograma"	
pl	{$n :unit unit=kilogram unitDisplay=long}	decimal -1234567.891	"-1\u00a0234\u00a0567,891 kilograma"	
pl	{$n :unit unit=liter-per-kilometer}	int 0	"0 l/km"	
pl	{$n :unit unit=liter-per-kilometer}	int 1	"1 l/km"	
pl	{$n :unit unit=liter-per-kilometer}	int -1	"-1 l/km"	
pl	{$n :unit unit=liter-per-kilometer}	int 2	"2 l/km"	
pl	{$n :unit unit=liter-per-kilometer}	int 5	"5 l/km"	
pl	{$n :unit unit=liter-per-kilometer}	int 21	"21 l/km"	
pl	{$n :unit unit=liter-per-kilometer}	float 1.5	"1,5 l/km"	
pl	{$n :unit unit=liter-per-kilometer}	decimal 1234.5	"1234,5 l/km"	
pl	{$n :unit unit=liter-per-kilometer}	decimal -1234567.891	"-1\u00a0234\u00a0567,891 l/km"	
pl	{$n :unit unit=hour unitDisplay=long}	int 0	"0 godzin"	
pl	{$n :unit unit=hour unitDisplay=long}	int 1	"1 godzina"	
pl	{$n :unit unit=hour unitDisplay=long}	int -1	"-1 godzina"	
pl	{$n :unit unit=hour unitDisplay=long}	int 2	"2 godziny"	
pl	{$n :unit unit=hour unitDisplay=long}	int 5	"5 godzin"	
pl	{$n :unit unit=hour unitDisplay=long}	int 21	"21 godzin"	
pl	{$n :unit unit=hour unitDisplay=long}	float 1.5	"1,5 godziny"	
pl	{$n :unit unit=hour unitDisplay=long}	decimal 1234.5	"1234,5 godziny"	
pl	{$n :unit unit=hour unitDisplay=long}	decimal -1234567.891	"-1\u00a0234\u00a0567,891 godziny"	
cy	{$n :unit unit=meter}	int 0	"0 m"	
cy	{$n :unit unit=meter}	int 1	"1 m"	
cy	{$n :unit unit=meter}	int -1	"-1 m"	
cy	{$n :unit unit=meter}	int 2	"2 m"	
cy	{$n :unit unit=meter}	int 5	"5 m"	
cy	{$n :unit unit=meter}	int 21	"21 m"	
cy	{$n :unit unit=meter}	float 1.5	"1.5 m"	
cy	{$n :unit unit=meter}	decimal 1234.5	"1,234.5 m"	
cy	{$n :unit unit=meter}	decimal -1234567.891	"-1,234,567.891 m"	
cy	{$n :unit unit=meter unitDisplay=long}	int 0	"0 m"	
cy	{$n :unit unit=meter unitDisplay=long}	int 1	"1 metr"	
cy	{$n :unit unit=meter unitDisplay=long}	int -1	"-1 metr"	
cy	{$n :unit unit=meter unitDisplay=long}	int 2	"2 m"	
cy	{$n :unit unit=meter unitDisplay=long}	int 5	"5 metr"	
cy	{$n :unit unit=meter unitDisplay=long}	int 21	"21 metr"	
cy	{$n :unit unit=meter unitDisplay=long}	float 1.5	"1.5 metr"	
cy	{$n :unit unit=meter unitDisplay=long}	decimal 1234.5	"1,234.5 metr"	
cy	{$n :unit unit=meter unitDisplay=long}	decimal -1234567.891	"-1,234,567.891 metr"	
cy	{$n :unit unit=meter unitDisplay=narrow}	int 0	"0m"	
cy	{$n :unit unit=meter unitDisplay=narrow}	int 1	"1m"	
cy	{$n :unit unit=meter unitDisplay=narrow}	int -1	"-1m"	
cy	{$n :unit unit=meter unitDisplay=narrow}	int 2	"2m"	
cy	{$n :unit unit=meter unitDisplay=narrow}	int 5	"5m"	
cy	{$n :unit unit=meter unitDisplay=narrow}	int 21	"21m"	
cy	{$n :unit unit=meter unitDisplay=narrow}	float 1.5	"1.5m"	
cy	{$n :unit unit=meter unitDisplay=narrow}	decimal 1234.5	"1,234.5m"	
cy	{$n :unit unit=meter unitDisplay=narrow}	decimal -1234567.891	"-1,234,567.891m"	
cy	{$n :unit unit=kilometer-per-hour}	int 0	"0 km/h"	
cy	{$n :unit unit=kilometer-per-hour}	int 1	"1 km/h"	
cy	{$n :unit unit=kilometer-per-hour}	int -1	"-1 km/h"	
cy	{$n :unit unit=kilometer-per-hour}	int 2	"2 km/h"	
cy	{$n :unit unit=kilometer-per-hour}	int 5	"5 km/h"	
cy	{$n :unit unit=kilometer-per-hour}	int 21	"21 km/h"	
cy	{$n :unit unit=kilometer-per-hour}	float 1.5	"1.5 km/h"	
cy	{$n :unit unit=kilometer-per-hour}	decimal 1234.5	"1,234.5 km/h"	
cy	{$n :unit unit=kilometer-per-hour}	decimal -1234567.891	"-1,234,567.891 km/h"	
cy	{$n :unit unit=kilometer-per-hour unitDisplay=long}	int 0	"0 cilometr yr awr"	
cy	{$n :unit unit=kilometer-per-hour unitDisplay=long}	int 1	"1 cilometr yr awr"	
cy	{$n :unit unit=kilometer-per-hour unitDisplay=long}	int -1	"-1 cilometr yr awr"	
cy	{$n :unit unit=kilometer-per-hour unitDisplay=long}	int 2	"2 gilometr yr awr"	
cy	{$n :unit unit=kilometer-per-hour unitDisplay=long}	int 5	"5 cilometr yr awr"	
cy	{$n :unit unit=kilometer-per-hour unitDisplay=long}	int 21	"21 cilometr yr awr"	
cy	{$n :unit unit=kilometer-per-hour unitDisplay=long}	float 1.5	"1.5 cilometr yr awr"	
cy	{$n :unit unit=kilometer-per-hour unitDisplay=long}	decimal 1234.5	"1,234.5 cilometr yr awr"	
cy	{$n :unit unit=kilometer-per-hour unitDisplay=long}	decimal -1234567.891	"-1,234,567.891 cilometr yr awr"	
cy	{$n :unit unit=celsius}	int 0	"0°C"	
cy	{$n :unit unit=celsius}	int 1	"1°C"	
cy	{$n :unit unit=celsius}	int -1	"-1°C"	
cy	{$n :unit unit=celsius}	int 2	"2°C"	
cy	{$n :unit unit=celsius}	int 5	"5°C"	
cy	{$n :unit unit=celsius}	int 21	"21°C"	
cy	{$n :unit unit=celsius}	float 1.5	"1.5°C"	
cy	{$n :unit unit=celsius}	decimal 1234.5	"1,234.5°C"	
cy	{$n :unit unit=celsius}	decimal -1234567.891	"-1,234,567.891°C"	
cy	{$n :unit unit=kilogram unitDisplay=long}	int 0	"0 kg"	
cy	{$n :unit unit=kilogram unitDisplay=long}	int 1	"1 cilogram"	
cy	{$n :unit unit=kilogram unitDisplay=long}	int -1	"-1 cilogram"	
cy	{$n :unit unit=kilogram unitDisplay=long}	int 2	"2 kg"	
cy	{$n :unit unit=kilogram unitDisplay=long}	int 5	"5 cilogram"	
cy	{$n :unit unit=kilogram unitDisplay=long}	int 21	"21 cilogram"	
cy	{$n :unit unit=kilogram unitDisplay=long}	float 1.5	"1.5 cilogram"	
cy	{$n :unit unit=kilogram unitDisplay=long}	decimal 1234.5	"1,234.5 cilogram"	
cy	{$n :unit unit=kilogram unitDisplay=long}	decimal -1234567.891	"-1,234,567.891 cilogram"	
cy	{$n :unit unit=liter-per-kilometer}	int 0	"0 L/km"	
cy	{$n :unit unit=liter-per-kilometer}	int 1	"1 L/km"	
cy	{$n :unit unit=liter-per-kilometer}	int -1	"-1 L/km"	
cy	{$n :unit unit=liter-per-kilometer}	int 2	"2 L/km"	
cy	{$n :unit unit=liter-per-kilometer}	int 5	"5 L/km"	
cy	{$n :unit unit=liter-per-kilometer}	int 21	"21 L/km"	
cy	{$n :unit unit=liter-per-kilometer}	float 1.5	"1.5 L/km"	
cy	{$n :unit unit=liter-per-kilometer}	decimal 1234.5	"1,234.5 L/km"	
cy	{$n :unit unit=liter-per-kilometer}	decimal -1234567.891	"-1,234,567.891 L/km"	
cy	{$n :unit unit=hour unitDisplay=long}	int 0	"0 awr"	
cy	{$n :unit unit=hour unitDisplay=long}	int 1	"1 awr"	
cy	{$n :unit unit=hour unitDisplay=long}	int -1	"-1 awr"	
cy	{$n :unit unit=hour unitDisplay=long}	int 2	"2 awr"	
cy	{$n :unit unit=hour unitDisplay=long}	int 5	"5 awr"	
cy	{$n :unit unit=hour unitDisplay=long}	int 21	"21 awr"	
cy	{$n :unit unit=hour unitDisplay=long}	float 1.5	"1.5 awr"	
cy	{$n :unit unit=hour unitDisplay=long}	decimal 1234.5	"1,234.5 awr"	
cy	{$n :unit unit=hour unitDisplay=long}	decimal -1234567.891	"-1,234,567.891 awr"	
ar-EG	{$n :unit unit=meter}	int 0	"٠ متر"	
ar-EG	{$n :unit unit=meter}	int 1	"متر"	
ar-EG	{$n :unit unit=meter}	int -1	"متر"	
ar-EG	{$n :unit unit=meter}	int 2	"متران"	
ar-EG	{$n :unit unit=meter}	int 5	"٥ أمتار"	
ar-EG	{$n :unit unit=meter}	int 21	"٢١ مترًا"	
ar-EG	{$n :unit unit=meter}	float 1.5	"١٫٥ متر"	
ar-EG	{$n :unit unit=meter}	decimal 1234.5	"١٬٢٣٤٫٥ متر"	
ar-EG	{$n :unit unit=meter}	decimal -1234567.891	"\u061c-١٬٢٣٤٬٥٦٧٫٨٩١ متر"	
ar-EG	{$n :unit unit=meter unitDisplay=long}	int 0	"٠ متر"	
ar-EG	{$n :unit unit=meter unitDisplay=long}	int 1	"متر"	
ar-EG	{$n :unit unit=meter unitDisplay=long}	int -1	"متر"	
ar-EG	{$n :unit unit=meter unitDisplay=long}	int 2	"٢ متر"	
ar-EG	{$n :unit unit=meter unitDisplay=long}	int 5	"٥ أمتار"	
ar-EG	{$n :unit unit=meter unitDisplay=long}	int 21	"٢١ مترًا"	
ar-EG	{$n :unit unit=meter unitDisplay=long}	float 1.5	"١٫٥ متر"	
ar-EG	{$n :unit unit=meter unitDisplay=long}	decimal 1234.5	"١٬٢٣٤٫٥ متر"	
ar-EG	{$n :unit unit=meter unitDisplay=long}	decimal -1234567.891	"\u061c-١٬٢٣٤٬٥٦٧٫٨٩١ متر"	
ar-EG	{$n :unit unit=meter unitDisplay=narrow}	int 0	"٠ م"	
ar-EG	{$n :unit unit=meter unitDisplay=narrow}	int 1	"١ م"	
ar-EG	{$n :unit unit=meter unitDisplay=narrow}	int -1	"\u061c-١ م"	
ar-EG	{$n :unit unit=meter unitDisplay=narrow}	int 2	"٢ م"	
ar-EG	{$n :unit unit=meter unitDisplay=narrow}	int 5	"٥ م"	
ar-EG	{$n :unit unit=meter unitDisplay=narrow}	int 21	"٢١ م"	
ar-EG	{$n :unit unit=meter unitDisplay=narrow}	float 1.5	"١٫٥ م"	
ar-EG	{$n :unit unit=meter unitDisplay=narrow}	decimal 1234.5	"١٬٢٣٤٫٥ م"	
ar-EG	{$n :unit unit=meter unitDisplay=narrow}	decimal -1234567.891	"\u061c-١٬٢٣٤٬٥٦٧٫٨٩١ م"	
ar-EG	{$n :unit unit=kilometer-per-hour}	int 0	"٠ كم/س"	
ar-EG	{$n :unit unit=kilometer-per-hour}	int 1	"١ كم/س"	
ar-EG	{$n :unit unit=kilometer-per-hour}	int -1	"\u061c-١ كم/س"	
ar-EG	{$n :unit unit=kilometer-per-hour}	int 2	"٢ كم/س"	
ar-EG	{$n :unit unit=kilometer-per-hour}	int 5	"٥ كم/س"	
ar-EG	{$n :unit unit=kilometer-per-hour}	int 21	"٢١ كم/س"	
ar-EG	{$n :unit unit=kilometer-per-hour}	float 1.5	"١٫٥ كم/س"	
ar-EG	{$n :unit unit=kilometer-per-hour}	decimal 1234.5	"١٬٢٣٤٫٥ كم/س"	
ar-EG	{$n :unit unit=kilometer-per-hour}	decimal -1234567.891	"\u061c-١٬٢٣٤٬٥٦٧٫٨٩١ كم/س"	
ar-EG	{$n :unit unit=kilometer-per-hour unitDisplay=long}	int 0	"٠ كيلومتر في الساعة"	
ar-EG	{$n :unit unit=kilometer-per-hour unitDisplay=long}	int 1	"١ كيلومتر في الساعة"	
ar-EG	{$n :unit unit=kilometer-per-hour unitDisplay=long}	int -1	"\u061c-١ كيلومتر في الساعة"	
ar-EG	{$n :unit unit=kilometer-per-hour unitDisplay=long}	int 2	"٢ كيلومتر في الساعة"	
ar-EG	{$n :unit unit=kilometer-per-hour unitDisplay=long}	int 5	"٥ كيلومتر في الساعة"	
ar-EG	{$n :unit unit=kilometer-per-hour unitDisplay=long}	int 21	"٢١ كيلومتر في الساعة"	
ar-EG	{$n :unit unit=kilometer-per-hour unitDisplay=long}	float 1.5	"١٫٥ كيلومتر في الساعة"	
ar-EG	{$n :unit unit=kilometer-per-hour unitDisplay=long}	decimal 1234.5	"١٬٢٣٤٫٥ كيلومتر في الساعة"	
ar-EG	{$n :unit unit=kilometer-per-hour unitDisplay=long}	decimal -1234567.891	"\u061c-١٬٢٣٤٬٥٦٧٫٨٩١ كيلومتر في الساعة"	
ar-EG	{$n :unit unit=celsius}	int 0	"٠°م"	
ar-EG	{$n :unit unit=celsius}	int 1	"١°م"	
ar-EG	{$n :unit unit=celsius}	int -1	"\u061c-١°م"	
ar-EG	{$n :unit unit=celsius}	int 2	"٢°م"	
ar-EG	{$n :unit unit=celsius}	int 5	"٥°م"	
ar-EG	{$n :unit unit=celsius}	int 21	"٢١°م"	
ar-EG	{$n :unit unit=celsius}	float 1.5	"١٫٥°م"	
ar-EG	{$n :unit unit=celsius}	decimal 1234.5	"١٬٢٣٤٫٥°م"	
ar-EG	{$n :unit unit=celsius}	decimal -1234567.891	"\u061c-١٬٢٣٤٬٥٦٧٫٨٩١°م"	
ar-EG	{$n :unit unit=kilogram unitDisplay=long}	int 0	"٠ كيلوغرام"	
ar-EG	{$n :unit unit=kilogram unitDisplay=long}	int 1	"١ كيلوغرام"	
ar-EG	{$n :unit unit=kilogram unitDisplay=long}	int -1	"\u061c-١ كيلوغرام"	
ar-EG	{$n :unit unit=kilogram unitDisplay=long}	int 2	"٢ كيلوغرام"	
ar-EG	{$n :unit unit=kilogram unitDisplay=long}	int 5	"٥ كيلوغرام"	
ar-EG	{$n :unit unit=kilogram unitDisplay=long}	int 21	"٢١ كيلوغرام"	
ar-EG	{$n :unit unit=kilogram unitDisplay=long}	float 1.5	"١٫٥ كيلوغرام"	
ar-EG	{$n :unit unit=kilogram unitDisplay=long}	decimal 1234.5	"١٬٢٣٤٫٥ كيلوغرام"	
ar-EG	{$n :unit unit=kilogram unitDisplay=long}	decimal -1234567.891	"\u061c-١٬٢٣٤٬٥٦٧٫٨٩١ كيلوغرام"	
ar-EG	{$n :unit unit=liter-per-kilometer}	int 0	"٠ لتر/كم"	
ar-EG	{$n :unit unit=liter-per-kilometer}	int 1	"١ لتر/كم"	
ar-EG	{$n :unit unit=liter-per-kilometer}	int -1	"\u061c-١ لتر/كم"	
ar-EG	{$n :unit unit=liter-per-kilometer}	int 2	"٢ لتر/كم"	
ar-EG	{$n :unit unit=liter-per-kilometer}	int 5	"٥ لتر/كم"	
ar-EG	{$n :unit unit=liter-per-kilometer}	int 21	"٢١ لتر/كم"	
ar-EG	{$n :unit unit=liter-per-kilometer}	float 1.5	"١٫٥ لتر/كم"	
ar-EG	{$n :unit unit=liter-per-kilometer}	decimal 1234.5	"١٬٢٣٤٫٥ لتر/كم"	
ar-EG	{$n :unit unit=liter-per-kilometer}	decimal -1234567.891	"\u061c-١٬٢٣٤٬٥٦٧٫٨٩١ لتر/كم"	
ar-EG	{$n :unit unit=hour unitDisplay=long}	int 0	"٠ ساعة"	
ar-EG	{$n :unit unit=hour unitDisplay=long}	int 1	"ساعة"	
ar-EG	{$n :unit unit=hour unitDisplay=long}	int -1	"ساعة"	
ar-EG	{$n :unit unit=hour unitDisplay=long}	int 2	"ساعتان"	
ar-EG	{$n :unit unit=hour unitDisplay=long}	int 5	"٥ ساعات"	
ar-EG	{$n :unit unit=hour unitDisplay=long}	int 21	"٢١ ساعة"	
ar-EG	{$n :unit unit=hour unitDisplay=long}	float 1.5	"١٫٥ ساعة"	
ar-EG	{$n :unit unit=hour unitDisplay=long}	decimal 1234.5	"١٬٢٣٤٫٥ ساعة"	
ar-EG	{$n :unit unit=hour unitDisplay=long}	decimal -1234567.891	"\u061c-١٬٢٣٤٬٥٦٧٫٨٩١ ساعة"	
hi-u-nu-deva	{$n :unit unit=meter}	int 0	"० मी"	
hi-u-nu-deva	{$n :unit unit=meter}	int 1	"१ मी"	
hi-u-nu-deva	{$n :unit unit=meter}	int -1	"-१ मी"	
hi-u-nu-deva	{$n :unit unit=meter}	int 2	"२ मी"	
hi-u-nu-deva	{$n :unit unit=meter}	int 5	"५ मी"	
hi-u-nu-deva	{$n :unit unit=meter}	int 21	"२१ मी"	
hi-u-nu-deva	{$n :unit unit=meter}	float 1.5	"१.५ मी"	
hi-u-nu-deva	{$n :unit unit=meter}	decimal 1234.5	"१,२३४.५ मी"	
hi-u-nu-deva	{$n :unit unit=meter}	decimal -1234567.891	"-१२,३४,५६७.८९१ मी"	
hi-u-nu-deva	{$n :unit unit=meter unitDisplay=long}	int 0	"० मीटर"	
hi-u-nu-deva	{$n :unit unit=meter unitDisplay=long}	int 1	"१ मीटर"	
hi-u-nu-deva	{$n :unit unit=meter unitDisplay=long}	int -1	"-१ मीटर"	
hi-u-nu-deva	{$n :unit unit=meter unitDisplay=long}	int 2	"२ मीटर"	
hi-u-nu-deva	{$n :unit unit=meter unitDisplay=long}	int 5	"५ मीटर"	
hi-u-nu-deva	{$n :unit unit=meter unitDisplay=long}	int 21	"२१ मीटर"	
hi-u-nu-deva	{$n :unit unit=meter unitDisplay=long}	float 1.5	"१.५ मीटर"	
hi-u-nu-deva	{$n :unit unit=meter unitDisplay=long}	decimal 1234.5	"१,२३४.५ मीटर"	
hi-u-nu-deva	{$n :unit unit=meter unitDisplay=long}	decimal -1234567.891	"-१२,३४,५६७.८९१ मीटर"	
hi-u-nu-deva	{$n :unit unit=meter unitDisplay=narrow}	int 0	"० मी"	
hi-u-nu-deva	{$n :unit unit=meter unitDisplay=narrow}	int 1	"१ मी"	
hi-u-nu-deva	{$n :unit unit=meter unitDisplay=narrow}	int -1	"-१ मी"	
hi-u-nu-deva	{$n :unit unit=meter unitDisplay=narrow}	int 2	"२ मी"	
hi-u-nu-deva	{$n :unit unit=meter unitDisplay=narrow}	int 5	"५ मी"	
hi-u-nu-deva	{$n :unit unit=meter unitDisplay=narrow}	int 21	"२१ मी"	
hi-u-nu-deva	{$n :unit unit=meter unitDisplay=narrow}	float 1.5	"१.५ मी"	
hi-u-nu-deva	{$n :unit unit=meter unitDisplay=narrow}	decimal 1234.5	"१,२३४.५ मी"	
hi-u-nu-deva	{$n :unit unit=meter unitDisplay=narrow}	decimal -1234567.891	"-१२,३४,५६७.८९१ मी"	
hi-u-nu-deva	{$n :unit unit=kilometer-per-hour}	int 0	"० कि॰मी॰/घं॰"	
hi-u-nu-deva	{$n :unit unit=kilometer-per-hour}	int 1	"१ कि॰मी॰/घं॰"	
hi-u-nu-deva	{$n :unit unit=kilometer-per-hour}	int -1	"-१ कि॰मी॰/घं॰"	
hi-u-nu-deva	{$n :unit unit=kilometer-per-hour}	int 2	"२ कि॰मी॰/घं॰"	
hi-u-nu-deva	{$n :unit unit=kilometer-per-hour}	int 5	"५ कि॰मी॰/घं॰"	
hi-u-nu-deva	{$n :unit unit=kilometer-per-hour}	int 21	"२१ कि॰मी॰/घं॰"	
hi-u-nu-deva	{$n :unit unit=kilometer-per-hour}	float 1.5	"१.५ कि॰मी॰/घं॰"	
hi-u-nu-deva	{$n :unit unit=kilometer-per-hour}	decimal 1234.5	"१,२३४.५ कि॰मी॰/घं॰"	
hi-u-nu-deva	{$n :unit unit=kilometer-per-hour}	decimal -1234567.891	"-१२,३४,५६७.८९१ कि॰मी॰/घं॰"	
hi-u-nu-deva	{$n :unit unit=kilometer-per-hour unitDisplay=long}	int 0	"० किलोमीटर प्रति घंटा"	
hi-u-nu-deva	{$n :unit unit=kilometer-per-hour unitDisplay=long}	int 1	"१ किलोमीटर प्रति घंटा"	
hi-u-nu-deva	{$n :unit unit=kilometer-per-hour unitDisplay=long}	int -1	"-१ किलोमीटर प्रति घंटा"	
hi-u-nu-deva	{$n :unit unit=kilometer-per-hour unitDisplay=long}	int 2	"२ किलोमीटर प्रति घंटा"	
hi-u-nu-deva	{$n :unit unit=kilometer-per-hour unitDisplay=long}	int 5	"५ किलोमीटर प्रति घंटा"	
hi-u-nu-deva	{$n :unit unit=kilometer-per-hour unitDisplay=long}	int 21	"२१ किलोमीटर प्रति घंटा"	
hi-u-nu-deva	{$n :unit unit=kilometer-per-hour unitDisplay=long}	float 1.5	"१.५ किलोमीटर प्रति घंटा"	
hi-u-nu-deva	{$n :unit unit=kilometer-per-hour unitDisplay=long}	decimal 1234.5	"१,२३४.५ किलोमीटर प्रति घंटा"	
hi-u-nu-deva	{$n :unit unit=kilometer-per-hour unitDisplay=long}	decimal -1234567.891	"-१२,३४,५६७.८९१ किलोमीटर प्रति घंटा"	
hi-u-nu-deva	{$n :unit unit=celsius}	int 0	"०°से॰"	
hi-u-nu-deva	{$n :unit unit=celsius}	int 1	"१°से॰"	
hi-u-nu-deva	{$n :unit unit=celsius}	int -1	"-१°से॰"	
hi-u-nu-deva	{$n :unit unit=celsius}	int 2	"२°से॰"	
hi-u-nu-deva	{$n :unit unit=celsius}	int 5	"५°से॰"	
hi-u-nu-deva	{$n :unit unit=celsius}	int 21	"२१°से॰"	
hi-u-nu-deva	{$n :unit unit=celsius}	float 1.5	"१.५°से॰"	
hi-u-nu-deva	{$n :unit unit=celsius}	decimal 1234.5	"१,२३४.५°से॰"	
hi-u-nu-deva	{$n :unit unit=celsius}	decimal -1234567.891	"-१२,३४,५६७.८९१°से॰"	
hi-u-nu-deva	{$n :unit unit=kilogram unitDisplay=long}	int 0	"० किलोग्राम"	
hi-u-nu-deva	{$n :unit unit=kilogram unitDisplay=long}	int 1	"१ किलोग्राम"	
hi-u-nu-deva	{$n :unit unit=kilogram unitDisplay=long}	int -1	"-१ किलोग्राम"	
hi-u-nu-deva	{$n :unit unit=kilogram unitDisplay=long}	int 2	"२ किलोग्राम"	
hi-u-nu-deva	{$n :unit unit=kilogram unitDisplay=long}	int 5	"५ किलोग्राम"	
hi-u-nu-deva	{$n :unit unit=kilogram unitDisplay=long}	int 21	"२१ किलोग्राम"	
hi-u-nu-deva	{$n :unit unit=kilogram unitDisplay=long}	float 1.5	"१.५ किलोग्राम"	
hi-u-nu-deva	{$n :unit unit=kilogram unitDisplay=long}	decimal 1234.5	"१,२३४.५ किलोग्राम"	
hi-u-nu-deva	{$n :unit unit=kilogram unitDisplay=long}	decimal -1234567.891	"-१२,३४,५६७.८९१ किलोग्राम"	
hi-u-nu-deva	{$n :unit unit=liter-per-kilometer}	int 0	"० ली/किमी"	
hi-u-nu-deva	{$n :unit unit=liter-per-kilometer}	int 1	"१ ली/किमी"	
hi-u-nu-deva	{$n :unit unit=liter-per-kilometer}	int -1	"-१ ली/किमी"	
hi-u-nu-deva	{$n :unit unit=liter-per-kilometer}	int 2	"२ ली/किमी"	
hi-u-nu-deva	{$n :unit unit=liter-per-kilometer}	int 5	"५ ली/किमी"	
hi-u-nu-deva	{$n :unit unit=liter-per-kilometer}	int 21	"२१ ली/किमी"	
hi-u-nu-deva	{$n :unit unit=liter-per-kilometer}	float 1.5	"१.५ ली/किमी"	
hi-u-nu-deva	{$n :unit unit=liter-per-kilometer}	decimal 1234.5	"१,२३४.५ ली/किमी"	
hi-u-nu-deva	{$n :unit unit=liter-per-kilometer}	decimal -1234567.891	"-१२,३४,५६७.८९१ ली/किमी"	
hi-u-nu-deva	{$n :unit unit=hour unitDisplay=long}	int 0	"० घंटा"	
hi-u-nu-deva	{$n :unit unit=hour unitDisplay=long}	int 1	"१ घंटा"	
hi-u-nu-deva	{$n :unit unit=hour unitDisplay=long}	int -1	"-१ घंटा"	
hi-u-nu-deva	{$n :unit unit=hour unitDisplay=long}	int 2	"२ घंटे"	
hi-u-nu-deva	{$n :unit unit=hour unitDisplay=long}	int 5	"५ घंटे"	
hi-u-nu-deva	{$n :unit unit=hour unitDisplay=long}	int 21	"२१ घंटे"	
hi-u-nu-deva	{$n :unit unit=hour unitDisplay=long}	float 1.5	"१.५ घंटे"	
hi-u-nu-deva	{$n :unit unit=hour unitDisplay=long}	decimal 1234.5	"१,२३४.५ घंटे"	
hi-u-nu-deva	{$n :unit unit=hour unitDisplay=long}	decimal -1234567.891	"-१२,३४,५६७.८९१ घंटे"	
