variant	locale	raw	gz	br
prefix-fixed-single-stripped	en	51160	23083	21074
prefix-fixed-single-stripped	pl	67688	29609	27562
prefix-fixed-single-stripped	en-XA	101004	28433	25704
prefix-fixed-single-stripped	ar-XB	61119	24833	22285
prefix-fixed-single-stripped-rel	en	51332	23022	20997
prefix-fixed-single-stripped-rel	pl	67816	29505	27444
prefix-fixed-single-stripped-rel	en-XA	101235	28478	25793
prefix-fixed-single-stripped-rel	ar-XB	61278	24790	22370
prefix-fixed-single-full	en	71083	31686	28840
prefix-fixed-single-full	pl	87611	38556	35373
prefix-fixed-single-full	en-XA	120927	37705	33572
prefix-fixed-single-full	ar-XB	81042	33566	30095
prefix-fixed-single-full-rel	en	71255	31630	28787
prefix-fixed-single-full-rel	pl	87739	38449	35336
prefix-fixed-single-full-rel	en-XA	121158	36910	33583
prefix-fixed-single-full-rel	ar-XB	81201	33529	30174
prefix-fixed-split-stripped	en	51040	22957	20864
prefix-fixed-split-stripped	pl	67559	29462	27384
prefix-fixed-split-stripped	en-XA	100859	28272	25548
prefix-fixed-split-stripped	ar-XB	60999	24684	22162
prefix-fixed-split-stripped-rel	en	51223	22910	20960
prefix-fixed-split-stripped-rel	pl	67671	29363	27410
prefix-fixed-split-stripped-rel	en-XA	101092	28308	25558
prefix-fixed-split-stripped-rel	ar-XB	61171	24651	22142
prefix-fixed-split-full	en	70963	31566	28956
prefix-fixed-split-full	pl	87482	38413	35217
prefix-fixed-split-full	en-XA	120782	37549	33371
prefix-fixed-split-full	ar-XB	80922	33416	30006
prefix-fixed-split-full-rel	en	71146	31518	28811
prefix-fixed-split-full-rel	pl	87594	38319	35210
prefix-fixed-split-full-rel	en-XA	121015	36772	33406
prefix-fixed-split-full-rel	ar-XB	81094	33374	29943
prefix-vdelta-single-stripped	en	47589	21889	19134
prefix-vdelta-single-stripped	pl	63944	27985	25320
prefix-vdelta-single-stripped	en-XA	97764	26195	23938
prefix-vdelta-single-stripped	ar-XB	57692	23513	20495
prefix-vdelta-single-stripped-rel	en	47777	21790	19159
prefix-vdelta-single-stripped-rel	pl	64081	27846	25264
prefix-vdelta-single-stripped-rel	en-XA	97994	26204	23935
prefix-vdelta-single-stripped-rel	ar-XB	57865	23419	20483
prefix-vdelta-single-full	en	67512	30431	26965
prefix-vdelta-single-full	pl	83867	36860	33119
prefix-vdelta-single-full	en-XA	117687	35786	31680
prefix-vdelta-single-full	ar-XB	77615	32276	28291
prefix-vdelta-single-full-rel	en	67700	30338	26983
prefix-vdelta-single-full-rel	pl	84004	36713	33065
prefix-vdelta-single-full-rel	en-XA	117917	35800	31740
prefix-vdelta-single-full-rel	ar-XB	77788	32208	28290
prefix-vdelta-split-stripped	en	47468	21758	19039
prefix-vdelta-split-stripped	pl	63815	27828	25153
prefix-vdelta-split-stripped	en-XA	97619	26065	23755
prefix-vdelta-split-stripped	ar-XB	57572	23377	20283
prefix-vdelta-split-stripped-rel	en	47668	21663	19004
prefix-vdelta-split-stripped-rel	pl	63937	27680	25113
prefix-vdelta-split-stripped-rel	en-XA	97851	26064	23753
prefix-vdelta-split-stripped-rel	ar-XB	57759	23288	20288
prefix-vdelta-split-full	en	67391	30306	26866
prefix-vdelta-split-full	pl	83738	36712	32936
prefix-vdelta-split-full	en-XA	117542	35651	31497
prefix-vdelta-split-full	ar-XB	77495	32130	28080
prefix-vdelta-split-full-rel	en	67591	30218	26870
prefix-vdelta-split-full-rel	pl	83860	36552	32921
prefix-vdelta-split-full-rel	en-XA	117774	35669	31550
prefix-vdelta-split-full-rel	ar-XB	77682	32057	28138
prefix-blocked-single-stripped	en	48211	22461	19681
prefix-blocked-single-stripped	pl	64594	28640	25865
prefix-blocked-single-stripped	en-XA	98371	27443	24421
prefix-blocked-single-stripped	ar-XB	58309	24202	20991
prefix-blocked-single-stripped-rel	en	48399	22358	19673
prefix-blocked-single-stripped-rel	pl	64735	28514	25852
prefix-blocked-single-stripped-rel	en-XA	98602	27450	24475
prefix-blocked-single-stripped-rel	ar-XB	58484	23919	20990
prefix-blocked-single-full	en	68134	31017	27499
prefix-blocked-single-full	pl	84517	37543	33705
prefix-blocked-single-full	en-XA	118294	36239	32216
prefix-blocked-single-full	ar-XB	78232	32854	28822
prefix-blocked-single-full-rel	en	68322	30923	27461
prefix-blocked-single-full-rel	pl	84658	37411	33654
prefix-blocked-single-full-rel	en-XA	118525	36252	32232
prefix-blocked-single-full-rel	ar-XB	78407	32783	28800
prefix-blocked-split-stripped	en	48091	22322	19619
prefix-blocked-split-stripped	pl	64466	28479	25711
prefix-blocked-split-stripped	en-XA	98226	27465	24190
prefix-blocked-split-stripped	ar-XB	58190	23859	20797
prefix-blocked-split-stripped-rel	en	48291	22234	19540
prefix-blocked-split-stripped-rel	pl	64591	28338	25694
prefix-blocked-split-stripped-rel	en-XA	98459	27306	24255
prefix-blocked-split-stripped-rel	ar-XB	58378	23780	20825
prefix-blocked-split-full	en	68014	30886	27418
prefix-blocked-split-full	pl	84389	37382	33547
prefix-blocked-split-full	en-XA	118149	36111	31967
prefix-blocked-split-full	ar-XB	78113	32711	28595
prefix-blocked-split-full-rel	en	68214	30802	27355
prefix-blocked-split-full-rel	pl	84514	37233	33524
prefix-blocked-split-full-rel	en-XA	118382	36121	32101
prefix-blocked-split-full-rel	ar-XB	78301	32636	28633
prefix-planes-single-stripped	en	51160	22577	19932
prefix-planes-single-stripped	pl	67688	28919	26219
prefix-planes-single-stripped	en-XA	101004	26992	24775
prefix-planes-single-stripped	ar-XB	61119	24191	21210
prefix-planes-single-stripped-rel	en	51332	22510	19862
prefix-planes-single-stripped-rel	pl	67816	28771	26141
prefix-planes-single-stripped-rel	en-XA	101235	27008	24813
prefix-planes-single-stripped-rel	ar-XB	61278	24115	21143
prefix-planes-single-full	en	71083	31129	27733
prefix-planes-single-full	pl	87611	37816	34043
prefix-planes-single-full	en-XA	120927	36563	32588
prefix-planes-single-full	ar-XB	81042	32636	29002
prefix-planes-single-full-rel	en	71255	31050	27699
prefix-planes-single-full-rel	pl	87739	37680	34000
prefix-planes-single-full-rel	en-XA	121158	36572	32589
prefix-planes-single-full-rel	ar-XB	81201	32555	29003
prefix-planes-split-stripped	en	51040	22450	19806
prefix-planes-split-stripped	pl	67559	28760	25969
prefix-planes-split-stripped	en-XA	100859	26822	24612
prefix-planes-split-stripped	ar-XB	60999	24068	21073
prefix-planes-split-stripped-rel	en	51223	22246	19799
prefix-planes-split-stripped-rel	pl	67671	28626	26067
prefix-planes-split-stripped-rel	en-XA	101092	26842	24589
prefix-planes-split-stripped-rel	ar-XB	61171	23986	21087
prefix-planes-split-full	en	70963	30997	27563
prefix-planes-split-full	pl	87482	37673	33800
prefix-planes-split-full	en-XA	120782	36430	32354
prefix-planes-split-full	ar-XB	80922	32519	28804
prefix-planes-split-full-rel	en	71146	30932	27636
prefix-planes-split-full-rel	pl	87594	37544	33841
prefix-planes-split-full-rel	en-XA	121015	36439	32403
prefix-planes-split-full-rel	ar-XB	81094	32437	28796
reflen-fixed-single-stripped	en	53644	23544	21156
reflen-fixed-single-stripped	pl	70054	29618	26766
reflen-fixed-single-stripped	en-XA	103592	28620	25262
reflen-fixed-single-stripped	ar-XB	63615	24953	22338
reflen-fixed-single-stripped-rel	en	53820	23617	21177
reflen-fixed-single-stripped-rel	pl	70185	29635	26953
reflen-fixed-single-stripped-rel	en-XA	103822	28008	25499
reflen-fixed-single-stripped-rel	ar-XB	63769	25059	22262
reflen-fixed-single-full	en	73567	32190	28941
reflen-fixed-single-full	pl	89977	38655	34596
reflen-fixed-single-full	en-XA	123515	36393	33041
reflen-fixed-single-full	ar-XB	83538	33688	30128
reflen-fixed-single-full-rel	en	73743	32273	28958
reflen-fixed-single-full-rel	pl	90108	38671	34618
reflen-fixed-single-full-rel	en-XA	123745	38101	33239
reflen-fixed-single-full-rel	ar-XB	83692	33780	30112
reflen-fixed-split-stripped	en	53488	23475	20994
reflen-fixed-split-stripped	pl	69889	29559	26712
reflen-fixed-split-stripped	en-XA	103425	28508	25198
reflen-fixed-split-stripped	ar-XB	63473	24831	22084
reflen-fixed-split-stripped-rel	en	53677	23558	21153
reflen-fixed-split-stripped-rel	pl	70003	29551	26732
reflen-fixed-split-stripped-rel	en-XA	103657	27930	25299
reflen-fixed-split-stripped-rel	ar-XB	63640	24938	22236
reflen-fixed-split-full	en	73411	32133	28919
reflen-fixed-split-full	pl	89812	38579	34517
reflen-fixed-split-full	en-XA	123348	36290	32962
reflen-fixed-split-full	ar-XB	83396	33566	29924
reflen-fixed-split-full-rel	en	73600	32224	28991
reflen-fixed-split-full-rel	pl	89926	38579	34511
reflen-fixed-split-full-rel	en-XA	123580	38017	33098
reflen-fixed-split-full-rel	ar-XB	83563	33673	29961
reflen-vdelta-single-stripped	en	50111	22399	19419
reflen-vdelta-single-stripped	pl	66353	27998	24685
reflen-vdelta-single-stripped	en-XA	100376	26922	23433
reflen-vdelta-single-stripped	ar-XB	60222	23541	20478
reflen-vdelta-single-stripped-rel	en	50279	22449	19421
reflen-vdelta-single-stripped-rel	pl	66465	27987	24627
reflen-vdelta-single-stripped-rel	en-XA	100677	27083	23604
reflen-vdelta-single-stripped-rel	ar-XB	60363	23564	20482
reflen-vdelta-single-full	en	70034	30991	27083
reflen-vdelta-single-full	pl	86276	36928	32495
reflen-vdelta-single-full	en-XA	120299	35477	31370
reflen-vdelta-single-full	ar-XB	80145	32482	28218
reflen-vdelta-single-full-rel	en	70202	31059	27104
reflen-vdelta-single-full-rel	pl	86388	36929	32406
reflen-vdelta-single-full-rel	en-XA	120600	35601	31509
reflen-vdelta-single-full-rel	ar-XB	80286	32558	28398
reflen-vdelta-split-stripped	en	49949	22323	19278
reflen-vdelta-split-stripped	pl	66182	27920	24594
reflen-vdelta-split-stripped	en-XA	100205	26822	23290
reflen-vdelta-split-stripped	ar-XB	60075	23416	20224
reflen-vdelta-split-stripped-rel	en	50135	22386	19256
reflen-vdelta-split-stripped-rel	pl	66283	27922	24511
reflen-vdelta-split-stripped-rel	en-XA	100510	26997	23514
reflen-vdelta-split-stripped-rel	ar-XB	60233	23455	20303
reflen-vdelta-split-full	en	69872	30932	27068
reflen-vdelta-split-full	pl	86105	36843	32330
reflen-vdelta-split-full	en-XA	120128	35382	31204
reflen-vdelta-split-full	ar-XB	79998	32347	28070
reflen-vdelta-split-full-rel	en	70058	31002	27105
reflen-vdelta-split-full-rel	pl	86206	36852	32573
reflen-vdelta-split-full-rel	en-XA	120433	35499	31394
reflen-vdelta-split-full-rel	ar-XB	80156	32432	28164
reflen-blocked-single-stripped	en	50720	22944	19854
reflen-blocked-single-stripped	pl	66989	28636	25251
reflen-blocked-single-stripped	en-XA	100976	27354	23990
reflen-blocked-single-stripped	ar-XB	60826	24376	20997
reflen-blocked-single-stripped-rel	en	50887	22998	19871
reflen-blocked-single-stripped-rel	pl	67103	28625	25255
reflen-blocked-single-stripped-rel	en-XA	101259	27494	24192
reflen-blocked-single-stripped-rel	ar-XB	60968	24447	21020
reflen-blocked-single-full	en	70643	31559	27620
reflen-blocked-single-full	pl	86912	37591	33084
reflen-blocked-single-full	en-XA	120899	35861	31861
reflen-blocked-single-full	ar-XB	80749	33043	28817
reflen-blocked-single-full-rel	en	70810	31625	27654
reflen-blocked-single-full-rel	pl	87026	37579	33078
reflen-blocked-single-full-rel	en-XA	121182	35961	32040
reflen-blocked-single-full-rel	ar-XB	80891	33119	28769
reflen-blocked-split-stripped	en	50561	22876	19754
reflen-blocked-split-stripped	pl	66820	28569	25172
reflen-blocked-split-stripped	en-XA	100807	27258	23817
reflen-blocked-split-stripped	ar-XB	60683	23859	20782
reflen-blocked-split-stripped-rel	en	50746	22928	19836
reflen-blocked-split-stripped-rel	pl	66921	28559	25120
reflen-blocked-split-stripped-rel	en-XA	101092	27408	23967
reflen-blocked-split-stripped-rel	ar-XB	60840	24321	20866
reflen-blocked-split-full	en	70484	31496	27549
reflen-blocked-split-full	pl	86743	37511	33027
reflen-blocked-split-full	en-XA	120730	35746	31627
reflen-blocked-split-full	ar-XB	80606	32913	28644
reflen-blocked-split-full-rel	en	70669	31560	27583
reflen-blocked-split-full-rel	pl	86844	37504	32991
reflen-blocked-split-full-rel	en-XA	121015	35856	31807
reflen-blocked-split-full-rel	ar-XB	80763	32993	28709
reflen-planes-single-stripped	en	53644	23086	20037
reflen-planes-single-stripped	pl	70054	28952	25447
reflen-planes-single-stripped	en-XA	103592	27660	24283
reflen-planes-single-stripped	ar-XB	63615	24154	21011
reflen-planes-single-stripped-rel	en	53820	23155	20067
reflen-planes-single-stripped-rel	pl	70185	28957	25547
reflen-planes-single-stripped-rel	en-XA	103822	27788	24405
reflen-planes-single-stripped-rel	ar-XB	63769	24188	21109
reflen-planes-single-full	en	73567	31674	27943
reflen-planes-single-full	pl	89977	37894	33378
reflen-planes-single-full	en-XA	123515	36175	32077
reflen-planes-single-full	ar-XB	83538	33199	28978
reflen-planes-single-full-rel	en	73743	31750	27924
reflen-planes-single-full-rel	pl	90108	37903	33387
reflen-planes-single-full-rel	en-XA	123745	36264	32229
reflen-planes-single-full-rel	ar-XB	83692	33274	29041
reflen-planes-split-stripped	en	53488	23016	19914
reflen-planes-split-stripped	pl	69889	28886	25392
reflen-planes-split-stripped	en-XA	103425	27555	24226
reflen-planes-split-stripped	ar-XB	63473	24043	20912
reflen-planes-split-stripped-rel	en	53677	23094	20039
reflen-planes-split-stripped-rel	pl	70003	28894	25392
reflen-planes-split-stripped-rel	en-XA	103657	27695	24365
reflen-planes-split-stripped-rel	ar-XB	63640	24093	20915
reflen-planes-split-full	en	73411	31616	27821
reflen-planes-split-full	pl	89812	37816	33217
reflen-planes-split-full	en-XA	123348	36049	32030
reflen-planes-split-full	ar-XB	83396	33078	28754
reflen-planes-split-full-rel	en	73600	31697	27908
reflen-planes-split-full-rel	pl	89926	37819	33215
reflen-planes-split-full-rel	en-XA	123580	36151	32189
reflen-planes-split-full-rel	ar-XB	83563	33177	28938
offtab-fixed-single-stripped	en	55656	23820	21607
offtab-fixed-single-stripped	pl	72642	30054	27627
offtab-fixed-single-stripped	en-XA	105154	28630	25749
offtab-fixed-single-stripped	ar-XB	65562	25171	22781
offtab-fixed-single-stripped-rel	en	55927	23622	21346
offtab-fixed-single-stripped-rel	pl	72864	29788	27491
offtab-fixed-single-stripped-rel	en-XA	105437	28466	25613
offtab-fixed-single-stripped-rel	ar-XB	65833	24957	22533
offtab-fixed-single-full	en	75579	32814	29317
offtab-fixed-single-full	pl	92565	39252	33310
offtab-fixed-single-full	en-XA	125077	38022	33582
offtab-fixed-single-full	ar-XB	85485	34163	30554
offtab-fixed-single-full-rel	en	75850	32586	29283
offtab-fixed-single-full-rel	pl	92787	38973	35206
offtab-fixed-single-full-rel	en-XA	125360	37882	33414
offtab-fixed-single-full-rel	ar-XB	85756	33937	30399
offtab-fixed-split-stripped	en	55489	23751	21499
offtab-fixed-split-stripped	pl	72444	29995	27509
offtab-fixed-split-stripped	en-XA	104977	28543	25641
offtab-fixed-split-stripped	ar-XB	65395	25145	22593
offtab-fixed-split-stripped-rel	en	55779	23533	21482
offtab-fixed-split-stripped-rel	pl	72714	29727	25402
offtab-fixed-split-stripped-rel	en-XA	105272	28373	25347
offtab-fixed-split-stripped-rel	ar-XB	65685	24831	22333
offtab-fixed-split-full	en	75412	32720	29323
offtab-fixed-split-full	pl	92367	39178	33337
offtab-fixed-split-full	en-XA	124900	37940	33346
offtab-fixed-split-full	ar-XB	85318	34037	28677
offtab-fixed-split-full-rel	en	75702	32502	29263
offtab-fixed-split-full-rel	pl	92637	38918	33067
offtab-fixed-split-full-rel	en-XA	125195	37790	33206
offtab-fixed-split-full-rel	ar-XB	85608	33812	28532
offtab-vdelta-single-stripped	en	51169	21695	19523
offtab-vdelta-single-stripped	pl	67938	27295	25071
offtab-vdelta-single-stripped	en-XA	100693	26340	23657
offtab-vdelta-single-stripped	ar-XB	61075	23020	20647
offtab-vdelta-single-stripped-rel	en	51450	21453	19447
offtab-vdelta-single-stripped-rel	pl	68170	26987	24868
offtab-vdelta-single-stripped-rel	en-XA	101004	26173	23537
offtab-vdelta-single-stripped-rel	ar-XB	61356	22758	20589
offtab-vdelta-single-full	en	71092	30510	25659
offtab-vdelta-single-full	pl	87861	36388	30854
offtab-vdelta-single-full	en-XA	120616	35687	29453
offtab-vdelta-single-full	ar-XB	80998	31865	26709
offtab-vdelta-single-full-rel	en	71373	30266	25507
offtab-vdelta-single-full-rel	pl	88093	36072	30713
offtab-vdelta-single-full-rel	en-XA	120927	34522	29384
offtab-vdelta-single-full-rel	ar-XB	81279	31615	26566
offtab-vdelta-split-stripped	en	51001	21608	19498
offtab-vdelta-split-stripped	pl	67740	27234	24953
offtab-vdelta-split-stripped	en-XA	100510	26209	23520
offtab-vdelta-split-stripped	ar-XB	60907	22877	20495
offtab-vdelta-split-stripped-rel	en	51302	21378	19400
offtab-vdelta-split-stripped-rel	pl	68021	26940	24728
offtab-vdelta-split-stripped-rel	en-XA	100839	26016	23291
offtab-vdelta-split-stripped-rel	ar-XB	61208	22642	20336
offtab-vdelta-split-full	en	70924	30404	25572
offtab-vdelta-split-full	pl	87663	36306	30788
offtab-vdelta-split-full	en-XA	120433	35558	29373
offtab-vdelta-split-full	ar-XB	80830	31721	26507
offtab-vdelta-split-full-rel	en	71225	30172	25425
offtab-vdelta-split-full-rel	pl	87944	36018	30605
offtab-vdelta-split-full-rel	en-XA	120762	35376	29232
offtab-vdelta-split-full-rel	ar-XB	81131	30917	26371
offtab-blocked-single-stripped	en	51783	22286	20127
offtab-blocked-single-stripped	pl	68577	27977	25719
offtab-blocked-single-stripped	en-XA	101299	26951	24208
offtab-blocked-single-stripped	ar-XB	61689	23614	21178
offtab-blocked-single-stripped-rel	en	52062	22053	19973
offtab-blocked-single-stripped-rel	pl	68807	27674	23746
offtab-blocked-single-stripped-rel	en-XA	101607	26782	24053
offtab-blocked-single-stripped-rel	ar-XB	61968	22931	21033
offtab-blocked-single-full	en	71706	31123	26196
offtab-blocked-single-full	pl	88500	37078	31526
offtab-blocked-single-full	en-XA	121222	35056	30043
offtab-blocked-single-full	ar-XB	81612	32480	27241
offtab-blocked-single-full-rel	en	71985	30888	26133
offtab-blocked-single-full-rel	pl	88730	36778	31363
offtab-blocked-single-full-rel	en-XA	121530	34932	30002
offtab-blocked-single-full-rel	ar-XB	81891	32238	27122
offtab-blocked-split-stripped	en	51614	22204	19997
offtab-blocked-split-stripped	pl	68378	27913	25588
offtab-blocked-split-stripped	en-XA	101116	26834	24042
offtab-blocked-split-stripped	ar-XB	61520	23475	21009
offtab-blocked-split-stripped-rel	en	51914	21969	19791
offtab-blocked-split-stripped-rel	pl	68658	27637	25398
offtab-blocked-split-stripped-rel	en-XA	101442	26640	23941
offtab-blocked-split-stripped-rel	ar-XB	61820	23243	20952
offtab-blocked-split-full	en	71537	31025	26179
offtab-blocked-split-full	pl	88301	36993	31334
offtab-blocked-split-full	en-XA	121039	34956	29932
offtab-blocked-split-full	ar-XB	81443	32339	27077
offtab-blocked-split-full-rel	en	71837	30790	26018
offtab-blocked-split-full-rel	pl	88581	36733	31242
offtab-blocked-split-full-rel	en-XA	121365	34817	29712
offtab-blocked-split-full-rel	ar-XB	81743	32108	26990
offtab-planes-single-stripped	en	55656	22251	20544
offtab-planes-single-stripped	pl	72642	27962	26201
offtab-planes-single-stripped	en-XA	105154	26812	24553
offtab-planes-single-stripped	ar-XB	65562	23526	21593
offtab-planes-single-stripped-rel	en	55927	22038	20322
offtab-planes-single-stripped-rel	pl	72864	27738	26015
offtab-planes-single-stripped-rel	en-XA	105437	26718	24414
offtab-planes-single-stripped-rel	ar-XB	65833	23292	21390
offtab-planes-single-full	en	75579	31134	26566
offtab-planes-single-full	pl	92565	37104	31911
offtab-planes-single-full	en-XA	125077	36246	30296
offtab-planes-single-full	ar-XB	85485	32450	27541
offtab-planes-single-full-rel	en	75850	30918	28201
offtab-planes-single-full-rel	pl	92787	36875	31846
offtab-planes-single-full-rel	en-XA	125360	36150	30267
offtab-planes-single-full-rel	ar-XB	85756	32226	27450
offtab-planes-split-stripped	en	55489	22173	20344
offtab-planes-split-stripped	pl	72444	27927	26104
offtab-planes-split-stripped	en-XA	104977	26712	24337
offtab-planes-split-stripped	ar-XB	65395	23492	21394
offtab-planes-split-stripped-rel	en	55779	21972	20239
offtab-planes-split-stripped-rel	pl	72714	27703	25964
offtab-planes-split-stripped-rel	en-XA	105272	26604	24281
offtab-planes-split-stripped-rel	ar-XB	65685	23195	21246
offtab-planes-split-full	en	75412	31050	26473
offtab-planes-split-full	pl	92367	37057	31827
offtab-planes-split-full	en-XA	124900	36150	30163
offtab-planes-split-full	ar-XB	85318	32327	27399
offtab-planes-split-full-rel	en	75702	30838	26317
offtab-planes-split-full-rel	pl	92637	36822	31696
offtab-planes-split-full-rel	en-XA	125195	36039	30115
offtab-planes-split-full-rel	ar-XB	85608	32117	27195
nul-fixed-single-stripped	en	51160	21603	19330
nul-fixed-single-stripped	pl	67672	27881	25526
nul-fixed-single-stripped	en-XA	100898	24641	23239
nul-fixed-single-stripped	ar-XB	61116	22544	20252
nul-fixed-single-stripped-rel	en	51332	21557	19373
nul-fixed-single-stripped-rel	pl	67800	27779	25569
nul-fixed-single-stripped-rel	en-XA	101129	26042	23199
nul-fixed-single-stripped-rel	ar-XB	61275	22507	20288
nul-fixed-single-full	en	71083	30360	27130
nul-fixed-single-full	pl	87595	37008	33325
nul-fixed-single-full	en-XA	120821	35409	30973
nul-fixed-single-full	ar-XB	81039	31375	28112
nul-fixed-single-full-rel	en	71255	30313	27107
nul-fixed-single-full-rel	pl	87723	36888	33333
nul-fixed-single-full-rel	en-XA	121052	35448	30983
nul-fixed-single-full-rel	ar-XB	81198	31343	28123
nul-fixed-split-stripped	en	51040	21450	19263
nul-fixed-split-stripped	pl	67543	27718	25381
nul-fixed-split-stripped	en-XA	100753	24455	22954
nul-fixed-split-stripped	ar-XB	60996	22375	20131
nul-fixed-split-stripped-rel	en	51223	21414	19239
nul-fixed-split-stripped-rel	pl	67655	27637	25354
nul-fixed-split-stripped-rel	en-XA	100986	24465	23000
nul-fixed-split-stripped-rel	ar-XB	61168	22340	20121
nul-fixed-split-full	en	70963	30228	27157
nul-fixed-split-full	pl	87466	36848	33138
nul-fixed-split-full	en-XA	120676	35244	30773
nul-fixed-split-full	ar-XB	80919	31231	27901
nul-fixed-split-full-rel	en	71146	30189	27060
nul-fixed-split-full-rel	pl	87578	36756	33237
nul-fixed-split-full-rel	en-XA	120909	35267	30900
nul-fixed-split-full-rel	ar-XB	81091	31197	27925
nul-vdelta-single-stripped	en	47589	20407	17504
nul-vdelta-single-stripped	pl	63928	26194	23316
nul-vdelta-single-stripped	en-XA	97658	23769	21329
nul-vdelta-single-stripped	ar-XB	57689	21337	18376
nul-vdelta-single-stripped-rel	en	47777	20340	17482
nul-vdelta-single-stripped-rel	pl	64065	26067	23275
nul-vdelta-single-stripped-rel	en-XA	97888	23753	21364
nul-vdelta-single-stripped-rel	ar-XB	57862	21279	18439
nul-vdelta-single-full	en	67512	29106	25353
nul-vdelta-single-full	pl	83851	35243	31184
nul-vdelta-single-full	en-XA	117581	33531	29150
nul-vdelta-single-full	ar-XB	77612	29858	26198
nul-vdelta-single-full-rel	en	67700	29023	25343
nul-vdelta-single-full-rel	pl	83988	35102	31093
nul-vdelta-single-full-rel	en-XA	117811	33544	29157
nul-vdelta-single-full-rel	ar-XB	77785	29797	26199
nul-vdelta-split-stripped	en	47468	20255	17392
nul-vdelta-split-stripped	pl	63799	26030	23126
nul-vdelta-split-stripped	en-XA	97513	23616	21137
nul-vdelta-split-stripped	ar-XB	57569	21174	18195
nul-vdelta-split-stripped-rel	en	47668	20180	17357
nul-vdelta-split-stripped-rel	pl	63921	25905	23148
nul-vdelta-split-stripped-rel	en-XA	97745	23596	21177
nul-vdelta-split-stripped-rel	ar-XB	57756	21104	18237
nul-vdelta-split-full	en	67391	28967	25226
nul-vdelta-split-full	pl	83722	35099	30964
nul-vdelta-split-full	en-XA	117436	33393	28923
nul-vdelta-split-full	ar-XB	77492	29741	26055
nul-vdelta-split-full-rel	en	67591	28887	25168
nul-vdelta-split-full-rel	pl	83844	34951	30936
nul-vdelta-split-full-rel	en-XA	117668	33397	29004
nul-vdelta-split-full-rel	ar-XB	77679	29668	26043
nul-blocked-single-stripped	en	48211	20982	18003
nul-blocked-single-stripped	pl	64578	26870	23883
nul-blocked-single-stripped	en-XA	98265	24334	21841
nul-blocked-single-stripped	ar-XB	58306	21848	18980
nul-blocked-single-stripped-rel	en	48399	20898	18012
nul-blocked-single-stripped-rel	pl	64719	26753	23870
nul-blocked-single-stripped-rel	en-XA	98496	24119	21882
nul-blocked-single-stripped-rel	ar-XB	58481	21781	18949
nul-blocked-single-full	en	68134	29688	25842
nul-blocked-single-full	pl	84501	35924	31711
nul-blocked-single-full	en-XA	118188	33991	29649
nul-blocked-single-full	ar-XB	78229	30337	26739
nul-blocked-single-full-rel	en	68322	29600	25827
nul-blocked-single-full-rel	pl	84642	35788	31676
nul-blocked-single-full-rel	en-XA	118419	33988	29676
nul-blocked-single-full-rel	ar-XB	78404	30264	26756
nul-blocked-split-stripped	en	48091	20825	17949
nul-blocked-split-stripped	pl	64450	26707	23693
nul-blocked-split-stripped	en-XA	98120	24045	21620
nul-blocked-split-stripped	ar-XB	58187	21693	18762
nul-blocked-split-stripped-rel	en	48291	20710	17845
nul-blocked-split-stripped-rel	pl	64575	26592	23746
nul-blocked-split-stripped-rel	en-XA	98353	23946	21691
nul-blocked-split-stripped-rel	ar-XB	58375	21630	18716
nul-blocked-split-full	en	68014	29550	25735
nul-blocked-split-full	pl	84373	35771	31548
nul-blocked-split-full	en-XA	118043	33852	29429
nul-blocked-split-full	ar-XB	78110	30220	26519
nul-blocked-split-full-rel	en	68214	29466	25675
nul-blocked-split-full-rel	pl	84498	35636	31542
nul-blocked-split-full-rel	en-XA	118276	33843	29499
nul-blocked-split-full-rel	ar-XB	78298	30144	26528
nul-planes-single-stripped	en	51160	21131	18310
nul-planes-single-stripped	pl	67672	27218	24234
nul-planes-single-stripped	en-XA	100898	24509	22225
nul-planes-single-stripped	ar-XB	61116	22056	19089
nul-planes-single-stripped-rel	en	51332	21063	18272
nul-planes-single-stripped-rel	pl	67800	27101	24236
nul-planes-single-stripped-rel	en-XA	101129	24491	22209
nul-planes-single-stripped-rel	ar-XB	61275	21983	19144
nul-planes-single-full	en	71083	29573	26035
nul-planes-single-full	pl	87595	36261	32039
nul-planes-single-full	en-XA	120821	34325	29974
nul-planes-single-full	ar-XB	81039	30547	26993
nul-planes-single-full-rel	en	71255	29492	26091
nul-planes-single-full-rel	pl	87723	36129	32061
nul-planes-single-full-rel	en-XA	121052	34311	30041
nul-planes-single-full-rel	ar-XB	81198	30462	26902
nul-planes-split-stripped	en	51040	21000	18123
nul-planes-split-stripped	pl	67543	27059	24001
nul-planes-split-stripped	en-XA	100753	24324	21939
nul-planes-split-stripped	ar-XB	60996	21920	18962
nul-planes-split-stripped-rel	en	51223	20937	18050
nul-planes-split-stripped-rel	pl	67655	26946	24059
nul-planes-split-stripped-rel	en-XA	100986	24303	21927
nul-planes-split-stripped-rel	ar-XB	61168	21071	18991
nul-planes-split-full	en	70963	29463	25889
nul-planes-split-full	pl	87466	36113	31902
nul-planes-split-full	en-XA	120676	34175	29781
nul-planes-split-full	ar-XB	80919	30434	26734
nul-planes-split-full-rel	en	71146	29391	25921
nul-planes-split-full-rel	pl	87578	35983	31886
nul-planes-split-full-rel	en-XA	120909	34150	29828
nul-planes-split-full-rel	ar-XB	81091	30348	26817
prefix-fixed-single-stripped-nodedup	en	56798	26127	23610
prefix-fixed-single-stripped-nodedup	pl	72330	32497	29941
prefix-fixed-single-stripped-nodedup	en-XA	109814	31406	28954
prefix-fixed-single-stripped-nodedup	ar-XB	68129	28046	25073
prefix-fixed-single-stripped-sorted	en	51290	22842	20366
prefix-fixed-single-stripped-sorted	pl	67704	29959	27206
prefix-fixed-single-stripped-sorted	en-XA	101001	26755	24578
prefix-fixed-single-stripped-sorted	ar-XB	60796	24093	21349
prefix-planes-single-stripped-nodedup	en	56798	25462	22202
prefix-planes-single-stripped-nodedup	pl	72330	31771	28495
prefix-planes-single-stripped-nodedup	en-XA	109814	31139	27516
prefix-planes-single-stripped-nodedup	ar-XB	68129	26860	23580
prefix-planes-single-stripped-sorted	en	51290	22145	19700
prefix-planes-single-stripped-sorted	pl	67704	29137	26485
prefix-planes-single-stripped-sorted	en-XA	101001	26198	24054
prefix-planes-single-stripped-sorted	ar-XB	60796	23285	20647
prefix-fixed-split-stripped-nodedup	en	56482	25494	23011
prefix-fixed-split-stripped-nodedup	pl	71946	31732	29165
prefix-fixed-split-stripped-nodedup	en-XA	109406	30694	28061
prefix-fixed-split-stripped-nodedup	ar-XB	67781	27338	24605
prefix-fixed-split-stripped-sorted	en	50867	22758	20317
prefix-fixed-split-stripped-sorted	pl	67318	29834	26974
prefix-fixed-split-stripped-sorted	en-XA	100634	26570	24495
prefix-fixed-split-stripped-sorted	ar-XB	60793	24058	21304
prefix-planes-split-stripped-nodedup	en	56482	24871	21671
prefix-planes-split-stripped-nodedup	pl	71946	31097	27732
prefix-planes-split-stripped-nodedup	en-XA	109406	30458	26782
prefix-planes-split-stripped-nodedup	ar-XB	67781	26279	22946
prefix-planes-split-stripped-sorted	en	50867	22037	19684
prefix-planes-split-stripped-sorted	pl	67318	29002	26335
prefix-planes-split-stripped-sorted	en-XA	100634	26025	23977
prefix-planes-split-stripped-sorted	ar-XB	60793	23255	20593
nul-fixed-single-stripped-nodedup	en	56798	24523	21881
nul-fixed-single-stripped-nodedup	pl	72314	30622	27662
nul-fixed-single-stripped-nodedup	en-XA	109708	28917	26054
nul-fixed-single-stripped-nodedup	ar-XB	68126	25121	22927
nul-fixed-single-stripped-sorted	en	51290	21186	18627
nul-fixed-single-stripped-sorted	pl	67688	27937	24942
nul-fixed-single-stripped-sorted	en-XA	100895	24392	22078
nul-fixed-single-stripped-sorted	ar-XB	60793	21928	19178
nul-planes-single-stripped-nodedup	en	56798	23554	20380
nul-planes-single-stripped-nodedup	pl	72314	29935	26297
nul-planes-single-stripped-nodedup	en-XA	109708	28662	24739
nul-planes-single-stripped-nodedup	ar-XB	68126	24737	21372
nul-planes-single-stripped-sorted	en	51290	20619	17949
nul-planes-single-stripped-sorted	pl	67688	26807	24282
nul-planes-single-stripped-sorted	en-XA	100895	23842	21572
nul-planes-single-stripped-sorted	ar-XB	60793	20544	18483
nul-fixed-split-stripped-nodedup	en	56482	23883	21295
nul-fixed-split-stripped-nodedup	pl	71930	29905	27124
nul-fixed-split-stripped-nodedup	en-XA	109300	28959	25570
nul-fixed-split-stripped-nodedup	ar-XB	67778	24953	22441
nul-fixed-split-stripped-sorted	en	50867	21119	18557
nul-fixed-split-stripped-sorted	pl	67302	27794	24750
nul-fixed-split-stripped-sorted	en-XA	100528	24155	21995
nul-fixed-split-stripped-sorted	ar-XB	60790	21889	19098
nul-planes-split-stripped-nodedup	en	56482	23027	19873
nul-planes-split-stripped-nodedup	pl	71930	29313	25677
nul-planes-split-stripped-nodedup	en-XA	109300	27881	24048
nul-planes-split-stripped-nodedup	ar-XB	67778	24078	20817
nul-planes-split-stripped-sorted	en	50867	20536	17929
nul-planes-split-stripped-sorted	pl	67302	26647	24068
nul-planes-split-stripped-sorted	en-XA	100528	23620	21477
nul-planes-split-stripped-sorted	ar-XB	60790	20518	18491
nul-planes-split-full-sorted	en	70790	29091	25741
nul-planes-split-full-sorted	pl	87225	36040	31927
nul-planes-split-full-sorted	en-XA	120451	33377	29284
nul-planes-split-full-sorted	ar-XB	80713	29819	26314
nul-planes-split-stripped-rel-sorted	en	51399	20745	18092
nul-planes-split-stripped-rel-sorted	pl	67883	26854	24350
nul-planes-split-stripped-rel-sorted	en-XA	101235	23908	21739
nul-planes-split-stripped-rel-sorted	ar-XB	61341	21414	18583
reflen-planes-split-stripped-sorted	en	53360	22738	19683
reflen-planes-split-stripped-sorted	pl	69669	29123	25607
reflen-planes-split-stripped-sorted	en-XA	103213	26810	23585
reflen-planes-split-stripped-sorted	ar-XB	63282	23342	20287
offtab-planes-split-stripped-sorted	en	55487	22807	20281
offtab-planes-split-stripped-sorted	pl	72457	29450	26448
offtab-planes-split-stripped-sorted	en-XA	105086	26363	23930
offtab-planes-split-stripped-sorted	ar-XB	65394	23266	20981
nul-vdelta-split-stripped-sorted	en	48496	20689	17883
nul-vdelta-split-stripped-sorted	pl	64951	27288	24043
nul-vdelta-split-stripped-sorted	en-XA	98299	24474	21329
nul-vdelta-split-stripped-sorted	ar-XB	58445	21425	18370
nul-blocked-split-stripped-sorted	en	49042	21267	18313
nul-blocked-split-stripped-sorted	pl	65498	27922	24481
nul-blocked-split-stripped-sorted	en-XA	98831	24871	21742
nul-blocked-split-stripped-sorted	ar-XB	58993	21824	18827
