Name,ShallowSize,ShallowSizePercent,RetainedSize,RetainedSizePercent
custom section 'target_features',132,12.34798877455566,,
<wasm_base[eae0bdb90069eb6d]::Out>::put,117,10.944808231992516,,
load,100,9.354536950420954,,
format,98,9.167446211412535,,
"""function names"" subsection",94,8.793264733395697,,
alloc,85,7.951356407857811,,
parts,85,7.951356407857811,,
custom section 'producers',67,6.26753975678204,,
simple,46,4.303086997193639,,
"data segment "".data""",20,1.8709073900841908,,
"""global names"" subsection",20,1.8709073900841908,,
custom section 'target_features' headers,19,1.7773620205799812,,
"""module name"" subsection",17,1.5902712815715623,,
custom section 'producers' headers,12,1.1225444340505144,,
"export ""out_ptr""",10,0.9354536950420954,,
out_ptr,10,0.9354536950420954,,
"""data names"" subsection",10,0.9354536950420954,,
"export ""memory""",9,0.841908325537886,,
"export ""format""",9,0.841908325537886,,
"export ""simple""",9,0.841908325537886,,
wasm magic bytes,8,0.7483629560336763,,
"type[3]: (i32, i32, i32, i32) -> i32",8,0.7483629560336763,,
global[0],8,0.7483629560336763,,
"export ""alloc""",8,0.7483629560336763,,
"export ""parts""",8,0.7483629560336763,,
custom section 'name' headers,8,0.7483629560336763,,
"type[2]: (i32, i64, i32) -> i32",7,0.6548175865294669,,
"export ""load""",7,0.6548175865294669,,
code section headers,7,0.6548175865294669,,
"type[0]: (i32, i32) -> nil",5,0.4677268475210477,,
type[1]: (i32) -> i32,5,0.4677268475210477,,
type[4]: () -> i32,4,0.37418147801683815,,
type section headers,3,0.2806361085126286,,
memory section headers,3,0.2806361085126286,,
global section headers,3,0.2806361085126286,,
export section headers,3,0.2806361085126286,,
data section headers,3,0.2806361085126286,,
memory[0],2,0.18709073900841908,,
